id;action;category;comment;owner_id;additiondate;service
1;D;10;"pendant mes vacances";45;2010-02-09;"Arrosage de jardin"
468;O;11;"";268;2013-08-31;"Initiation à la pêche"
3;D;11;"";45;2010-02-09;"Numérisation de cassettes VHS"
4;D;15;"";45;2010-02-09;"Réglage et entretien de machine à coudre"
5;D;12;"pendant mes vacances";45;2010-02-09;"Surveillance de ma maison"
6;O;10;"pendant vos vacances";45;2010-02-09;"Arrosage de jardin"
7;O;15;"";45;2010-02-09;"Initiation au point de croix"
8;O;12;"pendant vos vacances";45;2010-02-09;"Surveillance de votre maison"
"925;O;9;""FONCTIONNEMENT INTERNET INOPERANTSi possible avant le 25 mai"";239;2016-04-11;""Tel mobile. Sauvegarde carnet contacts Outlook et réinitialisation de l'appareil.	Mal initialisé à la prise en main."""
926;O;10;"Evidemment, si besoin, désherbage, coupe et débarras des fleurs fanées...";239;2016-04-11;"Arrosage pendant vos absences été - A partir du 12 juillet"
11;O;9;"";11;2010-02-09;"Dépannage Informatique"
12;O;14;"Le bénéficiaire paie les frais annexes (essence, parking)";11;2010-02-09;"Transport aéroport"
426;O;1;"J'ai une experience en ce domaine étant conseillère à l'emploi à Pôle emploi et juriste en droit social";245;2013-01-15;"Rédaction/impression CV lettre de motivation"
14;D;8;"";43;2010-02-10;"Cours de langue arabe"
890;O;16;"Modèle Lumie Brightlight, 55 W.";345;2016-02-28;"Prêt d'une lampe de luminothérapie"
721;O;13;"";178;2015-01-02;"Prêt de 2 raquettes de tennis et balles"
16;D;4;"";43;2010-02-10;"Recettes de cuisines exotiques"
17;O;1;"";43;2010-02-10;"Aide au déménagement"
1500;O;7;"Le poulet Tandoori livre ses secrets ! ";43;2018-12-09;"Donne livre cuisine de l'Inde"
19;O;14;"";43;2010-02-10;"Covoiturage"
20;O;1;"jusqu'en 3ème";43;2010-02-10;"Soutien scolaire en mathématiques"
22;O;1;"";81;2010-02-10;"Garde d'enfants"
23;O;15;"";81;2010-02-10;"Ourlets"
24;O;1;"jusqu'en 5ème";81;2010-02-10;"Soutien scolaire"
677;O;11;"Style "Trivial Pursuit", questions actualisées, pronostiques à faire concernant le nombre d'indices nécessaires et sur la réponse des autres joueurs pour gagner un maximum de points. Quatre catégories: People, planète Terre, Société et Héritage. Innovant !!";326;2014-09-29;"Prêt du Jeux de société "I KNOW""
752;O;11;"Jeux diponibles : Scrabble, Trivial Pursuit (édition Génius), 7 Wonders , Munchkin et Munchkin Chtulhu, Camelot, Service compris, Citadelles, Les colons de Catane pour 2 joueurs, Mr Jack pocket, Dobble.";177;2015-03-12;"Prêt de jeux de société"
35;O;9;"";56;2010-02-10;"Aide générale en informatique"
36;O;13;"";56;2010-02-10;"Conseil en natation"
37;O;1;"";56;2010-02-10;"Coup de main en cas de maladie"
39;O;14;"";56;2010-02-10;"Covoiturage / transport occasionnel"
41;O;4;"";56;2010-02-10;"Noix"
42;O;4;"sucrés / salés. Excellent lors des hivers rigoureux.";56;2010-02-10;"Recette de pâtes aux noix (spécialité hongroise)"
43;O;3;"";56;2010-02-10;"Prêt de grande échelle"
46;O;1;"";56;2010-02-10;"Soutien scolaire"
1284;O;16;"En cette période plutôt maussade, je prête une lampe Beurer TL 80 sur pied d'intensité 10.000 lux.Elle donne la sensation d'une belle journée ensoleillée avec comme résultat immédiat de vous sentir plus dynamique, en tout cas c'est mon avis.A votre dispo si vous souhaitez faire un essai. Encombrement : hauteur 55 cm pied oval 27 cm au plus large.";474;2018-01-17;"Luminothérapie : Prêt d'une lampe à lumière du jour"
50;O;11;"";43;2010-02-15;"Échange de timbres"
51;O;3;"";47;2010-02-15;"Aide au bricolage"
52;O;1;"";47;2010-02-15;"Aider à choisir sa meilleure alimentation"
53;O;1;"sous différentes formes";47;2010-02-15;"Aider à retrouver son énergie et la santé"
54;O;14;"Aide à la personne pour se déplacer";47;2010-02-15;"Covoiturage"
55;O;15;"de la tonte à la réalisation de la pelote de laine";47;2010-02-15;"Enseigner le traitement de la laine"
56;O;15;"";47;2010-02-15;"Enseigner le tricot"
57;O;3;"Peinture, papier peint, pose de parquet...";74;2010-02-24;"Aide au bricolage"
58;O;1;"Emballage, Port de cartons ou autre...";74;2010-02-24;"Aide au déménagement"
59;O;10;"";74;2010-02-24;"Arrosage de jardin"
60;O;10;"";74;2010-02-24;"Arrosage de plantes"
61;O;1;"Possède une voiture pour emmener faire des courses ou y aller seule avec une liste";74;2010-02-24;"Faire les courses en cas d'impossibilité"
62;O;1;"Dans son cadre habituel";74;2010-02-24;"Garde d'enfants"
63;O;2;"";74;2010-02-24;"Nourrissage de chat"
64;O;12;"";74;2010-02-24;"Surveillance de maison"
65;D;4;"";42;2010-03-04;"Atelier cuisine"
66;D;15;"";42;2010-03-04;"Cours de tricot"
67;D;3;"";42;2010-03-04;"Prêt d'un Karcher"
68;D;10;"";42;2010-03-04;"Travaux de jardinage"
69;O;11;"";42;2010-03-04;"Accompagnatrice pour sorties Ciné"
70;O;1;"écrivain public";42;2010-03-04;"Aide à la rédaction de lettres"
71;O;1;"";42;2010-03-04;"Conseil en relooking déco"
72;O;10;"rouleau pour gazon, taille haies…";42;2010-03-04;"Prêt de matériel de jardinage"
73;O;4;"liste sur demande";42;2010-03-04;"Soupes maison saveurs insolites"
74;O;1;"du CP à la 3ème toutes matière (prof des écoles)";42;2010-03-04;"Soutien scolaire"
75;O;11;"à la ligne, au lancer, à la mouche, etc.";54;2010-03-06;"Cours de pêche"
76;O;14;"Je dispose du véhicule tracteur et  du permis E(B)";11;2010-03-08;"Traction d'une remorque jusqu'à 3500 kg"
77;O;5;"'Blueberry' de Chihuahua Pearl à Dust - Charlier et Giraud (16 volumes) §§http://www.bedetheque.com/serie-1-BD-Blueberry.html§§";11;2010-03-13;"Prêt de bandes dessinées"
1211;O;16;"Je peux aider pour faire des papiers administratif, dossier, lettre";443;2017-09-21;"Aide papier administratif"
79;O;5;"L'intégrale de 'Golden City' par Pecqueur, Malfin, Schelle (12 volumes) §§http://www.bedetheque.com/serie-289-BD-Golden-City.html§§";11;2018-03-15;"Prêt de bandes dessinées"
306;O;10;"";194;2012-01-13;"prêt du magasine les 4 saisons du jardin bio"
81;O;5;"L'intégrale de 'Jeremiah' par Hermann (36 volumes) §§http://www.bedetheque.com/serie-10-BD-Jeremiah.html§§";11;2018-11-11;"Prêt de bandes dessinées"
82;O;5;"L'intégrale de 'Largo Winch' - Francq et Van Hamme (21 volumes) §§http://www.bedetheque.com/serie-14-BD-Largo-Winch.html§§";11;2018-03-15;"Prêt de bandes dessinées"
83;O;5;"L'intégrale de 'Le cri du peuple' - Tardi et Vautrin (4 volumes) §§http://www.bedetheque.com/serie-1562-BD-Cri-du-peuple.html§§";11;2010-03-13;"Prêt de bandes dessinées"
84;O;5;"L'intégrale de 'Le cycle de 'Cyann' par Bourgeon, Lacroix (6 volumes) §§http://www.bedetheque.com/serie-37-BD-Cycle-de-Cyann.html§§";11;2014-12-26;"Prêt de bandes dessinées"
85;O;5;"L'intégrale de 'Les compagnons du crépuscule' - François Bourgeon (3 volumes) §§http://www.bedetheque.com/serie-109-BD-Compagnons-du-crepuscule.html§§";11;2010-03-13;"Prêt de bandes dessinées"
86;O;5;"L'intégrale de 'Les passagers du vent' - François Bourgeon (8 volumes) §§http://www.bedetheque.com/serie-108-BD-Passagers-du-vent.html§§";11;2018-11-11;"Prêt de bandes dessinées"
87;O;5;"L'intégrale de 'Les tours de 'Bois-Maury' par Hermann (15 volumes) §§http://www.bedetheque.com/serie-1091-BD-Tours-de-Bois-Maury.html§§";11;2013-03-09;"Prêt de bandes dessinées"
88;O;5;"L'intégrale de 'L'incal' - Moebius et Jodorowski (6 volumes) §§http://www.bedetheque.com/serie-15-BD-Incal.html§§";11;2010-03-13;"Prêt de bandes dessinées"
323;D;3;"quelqu un aurait il une décoleuse ?";103;2012-03-20;"decoleuse papier peint"
91;O;5;"L'intégrale de 'XIII' par Vance, Van Hamme (24 volumes) §§http://www.bedetheque.com/serie-7-BD-XIII.html§§";11;2015-02-07;"Prêt de bandes dessinées"
873;O;17;"Je donne vêtements divers et prêts de livres (romans et autobiographies).";384;2016-02-03;"dons divers"
93;O;8;"demander liste";43;2010-03-14;"Prêt de CD (musique)"
94;O;7;"demander liste";43;2010-03-14;"Prêt de livres"
95;O;1;"";75;2010-03-14;"Courses ponctuelles"
96;O;1;"";75;2010-03-14;"Garde ponctuelle d'enfant"
97;O;17;"";75;2010-03-14;"Initiation à la sophrologie"
98;O;17;"";75;2010-03-14;"Initiation au droit"
99;D;11;"";89;2010-03-19;"Cours d’harmonica"
100;D;11;"";89;2010-03-19;"Cours d’harmonisation-improvisation (musique)"
101;D;11;"";89;2010-03-19;"Cours de basse électrique"
102;D;13;"Loisir, pour entrainement raids";89;2010-03-19;"Sorties course à pied"
103;D;13;"Loisir, pour entrainement raids";89;2010-03-19;"Sorties VTT"
104;O;1;"";89;2010-03-19;"Aide aux déménagements"
105;O;1;"Mes bras, pas mon cerveau";89;2010-03-19;"Aide aux travaux"
106;O;11;"Plutôt adolescent/adulte. Apporte les jeux, explique les règles. Liste des jeux sur demande : Carcassonne, Caylus, Dixit, etc.";89;2010-03-19;"Initiation et/ou animation de jeux de société"
107;O;17;"2 places +  dégagement, surface à confirmer";89;2010-03-19;"Prêt d’une tente "
108;O;7;"";45;2010-03-22;"Prêt de livres du docteur Kousmine"
109;D;10;"";58;2010-03-24;"Aide au taillage de haies"
110;D;10;"";58;2010-03-24;"Conseils en paysagisme et aménagement de jardin"
111;D;4;"";58;2010-03-24;"Cours de cuisine"
112;O;1;"";58;2010-03-24;"Aide à la rédaction de courrier"
113;O;15;"";58;2010-03-24;"Cours de couture"
114;O;1;"tous âges, à mon domicile, en journée";58;2010-03-24;"Garde d'enfants"
115;O;17;"";58;2010-03-24;"Initiation au portage de bébé en écharpe"
116;O;13;"révision à faire, prêt sur court, moyen ou long terme";58;2010-03-24;"Prêt d'un VTT femme"
893;O;13;"Adaptés à l'eau vive. Combinaison femme sans manches, taille L. Hauts synthétiques ou en néoprène. Bottines néoprène pointure 40. Gants néoprène. K-way taille L (modèle Lomo de base). Nettoyant spécial pour équipements en néoprène.";345;2016-02-28;"Prêt d'une combinaison de kayak et d'autres équipements"
119;O;7;"La puce à l'oreille par Claude Duneton (Anthologie des expressions populaires avec leur origine)";43;2010-03-27;"Prêt de livre (Anthologie)"
120;O;7;"Fille de la colère par Michel Peyramaure (biographie de Louise Michel)";43;2010-03-27;"Prêt de livre (Biographie)"
121;O;7;"Là-bas si j'y suis par Daniel Mermet (coups de gueule poétiques du célèbre journaliste de France Inter)";43;2010-03-27;"Prêt de livre (Carnets de routes)"
122;O;7;"Le parler marseillais par Robert Bouvier (Si vous voulez fleurir votre accent !)";43;2010-03-27;"Prêt de livre (Dictionnaire)"
123;O;7;"Dictionnaire des symboles par Jean Chevalier et Alain Gheerbrant (tout est symbole ! )";43;2010-03-27;"Prêt de livre (Dictionnaire)"
124;O;7;"L'encyclopédie du savoir relatif et absolu par Bernard Werber (Boite à réflexion)";43;2010-03-27;"Prêt de livre (Encyclopédie)"
1081;O;7;"Naomi Klein relie dans ce livre le changement climatique et notre modèle de civilisation. A lire !";345;2017-01-01;"Prête le livre "Tout peut changer" de Naomi Klein"
1082;D;5;"J'ai lu le tome 1 et j'ai envie de connaitre la suite. Si quelqu'un l'a dans sa bibliothèque...";345;2017-01-01;"Emprunte le tome 2 de la BD "La Présidente" (François Durpaire et Farid Boudjellal)"
126;O;7;"L'empire de la Honte par Jean Ziegler (explication de deux armes de destructions massives : la dette et la faim)";43;2010-03-27;"Prêt de livre (Essai)"
127;O;7;"La stratégie du choc par Naomi Klein (Les coups tordus des tenants de l'ultra libéralisme (bientôt au cinéma Pandora))";43;2010-03-27;"Prêt de livre (Essai)"
1436;O;7;"Dans ce court essai (50 pages), le philosophe revient sur les raisons qui ont rendu Mai 68 possible.";43;2018-09-07;"pret "on a raison de se révolter" d'Alain Badiou"
1127;O;4;"3 moules à manqué 20-22-24 cms marque Lily Cook avec ustensiles de décoration pour faire des pièces montées";371;2017-03-26;"Prêt de 3 moules pour pièces montées"
130;O;7;"Voix rebelles du monde par Attac 04 (26 portraits d'altermondialistes extraordinaires)";43;2010-03-27;"Prêt de livre (Essai)"
131;O;7;"Le siècle biotech par Jeremy Rifkin (La révolution biotechnologique arrive. Informez-vous !)";43;2010-03-27;"Prêt de livre (Essai)"
1125;O;4;"Je prête un gaufrier / appareil à croque-monsieurs";371;2017-03-26;"Prêt de gaufrier / croque"
1126;O;4;"Tefal en inox pouvant griller 2 tartines à la fois";371;2017-03-26;"Prêt de grill pain"
133;O;7;"L'histoire de Pi par Yann Martel (Un enfant naufragé seul avec un tigre sur un canot de sauvetage)";43;2010-03-27;"Prêt de livre (Fable métaphysique)"
1501;O;7;"5 nouvelles de SF sur le thème du voyage dans le temps et le risque de modifier le passé.";43;2018-12-09;"Donne "La patrouille du temps" de Poul Anderson"
1499;O;7;"120 recettes détaillées et en photos";43;2018-12-09;"Donne livre de cuisine au wok "
137;O;7;"Quebec 2010-2011 par Le guide du routard";43;2010-03-27;"Prêt de livre (Guide de voyage)"
138;O;7;"Guide de conversation espagnol par Lonely planet";43;2010-03-27;"Prêt de livre (Guide lexical)"
139;O;7;"Petit cours d'autodéfense intellectuelle par Normand Baillargon (Initiation à la pensée critique (langage, logique, rhétorique, maths))";43;2010-03-27;"Prêt de livre (Manuel)"
140;O;7;"Antimanuel de philosophie par Michel Onfray (Pour se remettre à la philo !)";43;2010-03-27;"Prêt de livre (Manuel)"
141;O;7;"Contes et légendes mythologiques par Emile Genest (Pour connaître l'origine d'expression comme 'nager dans le pactole')";43;2010-03-27;"Prêt de livre (Mythologie)"
1288;O;1;"je dispose d'un nombre important de document, exercice cours math francais CP, CE1, CE2, CM1, CM2, 6eme avec science de vie en plus, 5ème chime et science de vie en plus, 4ème idem, 3ème avec des exemples de brevet blancje propose de les fournir sur demande par mail j'enverrai les documents";443;2018-01-24;"Donnes par mail des cours et exercices college et primaire"
143;O;7;"Le rapport Lugano par Susan George (Quelles sont les menaces de l'ultralibéralisme. Comment le maintenir ?)";43;2010-03-27;"Prêt de livre (Politique fiction)"
144;O;7;"les intermittences de la mort par José Saramago (Imaginez un pays où plus personne ne meurt)";43;2010-03-27;"Prêt de livre (Roman  )"
146;O;7;"le symbole perdu par Dan Brown (Enquête autour de la Franc-maçonnerie et du Capitole de Washington)";43;2010-03-27;"Prêt de livre (Roman ésotérique)"
147;O;7;"le principe du tire bouchon par Leila Haddad (Révision de sa physique de Galilée à Einstein)";43;2010-03-27;"Prêt de livre (Roman scientifique)"
1562;O;7;"Lauréat du prix Goncourt 2018. Voir §§https://www.actes-sud.fr/catalogue/litterature/leurs-enfants-apres-eux§§ ";345;2019-04-01;"Prête livre "Leurs enfants après eux", de Nicolas Mathieu"
744;O;15;"";287;2015-03-07;"couture"
745;O;8;"";287;2015-03-07;"cours d'anglais"
901;D;9;"Mal initialisé à la prise en main. FONCTIONNEMENT INTERNET INOPÉRANT.";239;2016-03-11;"Tel mobile. Sauvegarde carnet contacts Outlook et réinitialisation de l'appareil."
1241;O;6;"serie documentaire de Mordillat et Prieur, environ 6h00 d'analyse et d'enquete auprés de chercheurs (ce n'est pas ennuyeux!!)";124;2017-11-12;"pret jésus et l'islam"
1339;O;7;"L'auteur y narre Thomas, son premier amour de jeunesse";43;2018-04-02;"prêt livre : Arrete avec tes mensonges de Philippe Besson"
1333;O;8;"";81;2018-03-24;"Relecture et correction orthographique de textes, thèses etc..."
154;O;7;"Le Mystère des dieux par Bernard Werber (tome 3 de la trilogie nous les dieux. Ce qu'il y a au-dessus des dieux)";43;2010-03-27;"Prêt de livre (Roman)"
155;O;7;"Chroniques de San Francisco par Armistead Maupin (tome 1. Les parcours déjantés de plusieurs personnages dans le SF des annéees 70)";43;2010-03-27;"Prêt de livre (Roman)"
884;O;4;"3 plaques différentes, 2 "grandes" ou 6 petites crêpes rondes ou 6 petites de formes amusantes. Idéale pour les soirées entre copains ou les gouters d'anniversaire.";71;2016-02-21;"Prêt d'une crépière Tefal"
1198;O;7;"Guide Michelin";371;2017-08-29;"Prêt livre les plus beaux détours de France 2017"
869;O;10;"Message de la part d'André (amapien) : il propose du compost obtenu par compostage dans son jardin. Pour le contacter : andreantoine.engel@sfr.fr";43;2016-01-28;"offre compost pour votre jardin"
158;O;7;"Babycakes par Armistead Maupin (tome 4)";43;2010-03-27;"Prêt de livre (Roman)"
160;O;7;"La fée Carabine par Daniel Pennac (Les aventures de la famille Malaussène)";43;2010-03-27;"Prêt de livre (Roman)"
161;O;7;"La petite marchande de prose par Daniel Pennac (Les aventures de la famille Malaussène)";43;2010-03-27;"Prêt de livre (Roman)"
162;O;3;"";69;2010-03-28;"Conseils en bricolage"
163;O;10;"";69;2010-03-28;"Conseils en jardinage"
164;O;7;"polars essentiellement";69;2010-03-28;"Prêt de livres"
165;O;4;"";69;2010-03-28;"Réalisation de confiture"
166;O;4;"";69;2010-03-28;"Recettes de cuisine"
285;O;11;"très bon état peu servi";192;2011-12-02;"Donne une paire de rollier femme taille 39 et protections coudes, genoux, poignet"
168;O;11;"60 années d'une histoire entre lucidité, imagination et intelligence, vue au travers de 400 photographies emblématiques choisies par les photographes de Magnum. Edition la Martinière";54;2010-03-28;"Prêt d'album photos"
169;O;6;"Connaître la Ligue des Droits de l'Homme (8 petits films d'une durée de 5 minutes)";54;2010-03-28;"Prêt de DVD"
170;O;5;"L'intégrale de 'SOS bonheur' par Griffo et Van Hamme";43;2010-03-30;"Prêt de bandes dessinées"
281;D;14;"";169;2011-11-24;"covoiturage entre Poissy et Orgeval le soir vers 19h00"
280;O;13;"";169;2011-11-24;"promenade ou randonnée pedestre le dimanche "
176;O;7;"";59;2010-03-31;"Prêt de livres en allemand"
263;O;6;"Un état des lieux de la planète pour nous faire rêver, nous informer et nous proposer des solutions";157;2011-05-23;"Prêt de "Vu du ciel", 2 émissions de Yann Arthus-Bertrand"
180;O;11;"les vôtres et les miens dont films introuvables ";41;2010-04-11;"Copie de VHS vers DVD"
181;O;14;"";41;2010-04-11;"Déplacement en voiture"
182;O;1;" au groupe scolaire Victor Hugo en cas de pépin";41;2010-04-11;"Emmener ou aller chercher des enfants"
184;O;11;"";41;2010-04-11;"Prêt de lecteur DVD portable"
185;O;8;"";41;2010-04-11;"Prêt de méthode d'apprentissage du breton"
224;O;3;"je sais faire tous types de bricolage";101;2010-09-08;"je suis dispo queques WD pour bricoler"
223;D;3;"je suis dispo les WD";101;2010-09-08;"demande d'aide pour peindre 2 portes"
187;O;11;"";41;2010-04-11;"Raconter des histoires aux enfants. "
189;D;3;"pour démousser notre toiture";69;2010-04-11;"Prêt d'une échelle de toiture"
190;D;3;"planter des clous ! entretien de meubles en bois...";94;2010-04-11;"Aide à petit bricolage"
191;D;9;"";94;2010-04-11;"Conseils en informatique"
592;O;7;"";94;2014-03-17;"Prêt : Méditer jour après jour - Christophe André"
591;O;7;"";94;2014-03-17;"Prêt : le yoga guide complet"
590;O;7;"";94;2014-03-17;"Pret : les jorus heureux - Citoyens résistants d'Hier et d'Aujourd'hui"
589;O;5;"";94;2014-03-17;"Prêt - Terre de Rêves de Jiro Taniguchi"
199;O;4;"";94;2010-04-11;"Apprendre la vraie recette du Tiramisù"
588;O;5;"";94;2014-03-17;"Prêt : Blankets - manteau de Neige de Graig Thompson"
201;O;1;"";94;2010-04-11;"Coup de main en cas de maladie"
587;O;8;"";94;2014-03-17;"Prêt revues : Le Monde hors série - l'Atlas des Utopies - l'Atlas du Monde de demain"
586;O;8;"";94;2014-03-17;"Prêt : revue Autrement - Atlas mondial du développement durable"
581;D;7;"Il s'agit d'une série de romans d'enfants par l'auteur Marie-Hélène Delval.";217;2014-03-15;"N°18 du Dragon de Nalsara"
212;O;14;"courses";94;2010-04-11;"Transport avec son véhicule"
1503;O;7;"Tous les événements marquants de cette année (culture, politique, sport,...)";43;2018-12-09;"Donne livre "Chronique de l'année 1989""
252;O;11;"";47;2010-11-08;"Echange de timbres tous pays"
253;O;1;"je suis magnetiseur et hypnotiseur ( 25 ans de pratique en association avec mon épouse)";47;2010-11-08;"soins - cours"
1286;O;11;"BonjourEn toute simplicité sans echange de graines huste pour le plaisir d une soiree je recherxhe 4 joueurs de tarots avrc qui jouer un samedi soir autour  d'un repas partagé. Au sel de durance à. Aix.on.essayait à. Tour de rôle de jouer chez.l.un ou l'autre une fois par moisA.moins que cela.organise.au sein du sel.sous forme.de.soiree jeuxJ aimerais lancer cette reunion en février l'un n'exclut pas l'autre ";443;2018-01-20;"Recherche joueur  et joueuses de tarot"
220;O;4;"pour certains, il y a le livre de recettes qui va avec ;-)";91;2010-09-03;"pret de materiel de cuisine: siphon à chantilly, fondue chinoise, fondue savoyarde, raclette/pierrade, déshydrateur, ..."
219;D;16;"Vêtements garçon 7 / 8 ans";41;2010-07-30;"Troc affaires d'enfants"
221;O;8;"me demander la liste ";91;2010-09-03;"pret livres poche, BD, DVD, ..."
225;D;2;"Nous partons en voyage 2 semaines du 23 nov au 6 déc";101;2010-09-08;"sortir le chien dans notre jardin 2x/jour et la nourrire"
227;O;7;"Erik Orsenna "Et si on dansait?"   Roman sur la ponctuation";43;2010-09-12;"pret de livre"
228;O;15;"Avec notice, et bouquins de couture éventuellement";136;2010-09-14;"Prêt d'une machine à coudre "Singer-Mademoiselle""
229;O;15;"Ourlets, fermetures éclair, réparations";136;2010-09-14;"Travaux de couture à la main ou à la machine"
230;O;14;"";136;2010-09-14;"Trajets Carrières sous poissy-Gare de Poissy, matin et soir"
231;O;11;"Mario party, Shrek,...Wii fit, avec wii balance board";136;2010-09-14;"Prêt de jeux pour WII"
232;O;11;"";136;2010-09-14;"Prêt de manettes WII le temps d'une soirée, ou d'un week end "
233;O;11;"Instrument: flûte traversière";80;2010-10-01;"Constitution/participation à un groupe de musique"
234;O;2;"";80;2010-10-01;"Garde ponctuelle d'animaux"
235;D;1;"";80;2010-10-01;"Baby-sitting"
236;O;10;"";80;2010-10-01;"Prêt matériel d'entretien Pelouse: tondeuse, rouleau, scarificateur."
237;O;5;"Tomes 1 à 12";80;2010-10-01;"Prêt série BD: "Neige" "
238;O;5;"Tomes 1 à 12";80;2010-10-01;"Prêt série BD: "Largo Winch" "
239;O;5;"et aussi suisses (Cosey) et même françaises ...";80;2010-10-01;"Prêt BD (belges!): Servais, Schuiten, ..."
240;O;9;"Configuration, choix de logiciel et matériel, passage de windows à linux...";87;2010-10-04;"Dépannage informatique, multimedia, internet"
241;O;8;"";87;2010-10-04;"Partage sur la culture brésilienne, indiens d'Amazonie"
242;O;4;"";87;2010-10-04;"Pao de Queijo, Feijoada, Batida de coco, Caïpirinha, flan coco"
243;O;3;"";87;2010-10-04;"Vérification et petit entretien de vélo"
244;D;3;"carrelage, electricité, mise au propre des murs...";87;2010-10-04;"Travaux d'aménagements"
245;O;1;"";87;2010-10-04;"Baby-sitting, chez nous, avec les enfants"
246;D;1;"";87;2010-10-04;"Baby-sitting"
247;D;11;"";87;2010-10-04;"Apprendre à développer des photos argentiques"
248;O;14;"Siège bb classe 1 disponible";136;2010-10-12;"Trajet voiture depuis ou vers une gare, un aéroport, etc..."
251;O;3;"";59;2010-11-08;"prêt d'un massicot"
258;O;7;"200 cartes plus qu'instructives";43;2011-03-13;"Prêt d'un magazine : Hors série du Monde "L'atlas des mondialisations""
259;O;7;"";167;2011-04-12;"Echange de livre, auteurs: Harlan coben, Dominique Lapierre, Claude Sarraute"
282;O;16;"Marque Kiabi. Un gris foncé avec carreaux discrets+ un gris clair velours bien chaud. Ts les deux à capuche. ";41;2011-11-28;"Don de 2 manteaux garçons en taille 8 ans. "
264;O;6;"Enquête sur un désastre écologique mondial qui pourrait mettre en péril l'humanité toute entière";157;2011-05-23;"Prêt du DVD "Le mystère de la disparition des abeilles" de Mark Daniels (diffusé sur Arte)"
265;O;16;"";182;2011-06-03;"Vêtements taille 38 à 44 - été et hiver - pantalons, jeans, jupes, tee-shirts, lainage..."
266;D;8;"";182;2011-06-03;"Conversation en anglais pour réveiller ma pratique orale"
267;D;9;"Besoin de me perfectionner";182;2011-06-03;"Formation sur logiciel Powerpoint et logiciel photo"
269;O;9;"Uniquement PC, toutes versions de Windows";185;2011-06-09;"Depanage informatique"
270;O;9;"adaptable selon besoin ";185;2011-06-09;"Formation de base : Windows, internet, bureatique, photo "
274;O;9;"pavé numérique+mini souris+lecteur cartes+mini hub 4 ports";43;2011-09-06;"trousse informatique"
1287;O;1;"Je peux donner contre sel le samedi matin de préférence (quand je suis disponible) des cours de math judqu'à la 4ème inclutj'ai l'expérience puisque j'ai longtemps été enseignante ACADOMIA et accompagnateur vie scolaire à l'école";443;2018-01-24;"Cours de math "
1280;O;7;"La suite des aventures de Lisbeth Salander et Mikael Blomkvist.";43;2018-01-14;"pret livre - "Millenium 5, la fille qui rendait coup pour coup de David Lagercrantz"
283;O;8;"Je m'adresse aux bédéphiles ";41;2011-11-28;"Emprunt de "L'encyclopédie des bébés" de Goossens "
278;O;11;"nous sommes déjà 2, on peut organiser une soirée d'un 3ème joueur";167;2011-09-11;"Possibilité d'organiser une soirée jeu de plateau à partir de 3 personnes : Smallworld, Cyclades"
289;O;7;"Livre à l'usage des parents pour faire face aux conflits avec les enfants. Facile et humoristique!";121;2011-12-18;"prêt livre "mange ta soupe et tais-toi" Michel Ghazal"
287;O;7;"Essai sur l'eau dans le monde";43;2011-12-04;"pret de "L'avenir de l'eau" d' Erik Orsenna"
288;O;7;"";43;2011-12-04;"pret de "Fichés?" (livret de l'expo des archives nationales)"
290;O;7;"de 2003/2004 mais toujours d'actualité pour ceux qui s’intéressent à la communication non violente ";121;2011-12-18;"prêt revues "non violence actualités" "
291;D;11;"ou tout autre méthode ludique pour débutant";121;2011-12-18;"recherche livre "le piano pour les nuls""
1190;O;9;"";11;2017-08-24;"Aide à l'utilisation avancée de Microsoft Excel"
295;O;5;"Ou comment allier le dessin au "verbe" !";70;2011-12-21;"Prêt de BD "De cape et de crocs" de Ayroles et Masbou tome 1 à 12"
297;O;16;"";70;2011-12-22;"Donne lits parapluies"
1267;O;9;"Si vous voulez tenir le suivi mensuel de vos dépenses 2018 sous fichier excel je vous propose de vous aider à en construire la base et son tableau croisé dynamique (tdyn). Cela vous permettra à tout moment d'avoir le détail et la synthèse de vos dépenses regroupées par nature. Cela implique d'avoir Excel ou Open Office Cal sur votre PC.";474;2017-12-29;"Suivi de vos dépenses mensuelles sur Excel avec tableau croisé dynamique"
303;O;5;"L'intégrale de 'Horologium' - Lebeault (7 volumes) §§http://www.bedetheque.com/serie-97-BD-Horologiom.html§§";11;2015-02-07;"Prêt de bandes dessinées"
304;O;5;"L'intégrale de 'Travis' par Quet, Duval, Schelle, Rosa (14 volumes) §§http://www.bedetheque.com/serie-75-BD-Travis.html§§";11;2019-11-14;"Prêt de bandes dessinées"
308;O;16;"Donne revue à M+1";103;2012-01-17;"Revue Le particulier"
309;O;6;"Liste disponible sur demande.";11;2012-01-20;"Prêt de DVD"
312;O;14;"pour une R21 et un C4 Picasso 7 places .... 10 types de pneus ...";133;2012-01-22;"pret de chaines n°10 et 45, me de"mander pour la liste de pneus possibles"
313;O;7;"";204;2012-01-23;"Prêt de livres en espagnol"
314;O;7;"";204;2012-01-23;"Prêt de policiers (A. Christie - Anne Perry)"
315;O;15;"";204;2012-01-23;"Petits travaux de  couture"
316;O;15;"";204;2012-01-23;"Tricotage de layette et jusqu'à 2 ans sur modèles"
317;O;11;"";204;2012-01-23;"Balades dans Paris "
318;D;15;"de préférence à St Germain";204;2012-01-23;""Atelier" de patchwork"
319;O;6;"";204;2012-01-24;"Prêt de DVD Star Trek -Vol 1-2-3"
320;O;6;"";204;2012-01-24;"Prêt DVD Betty Boop"
382;O;7;"Pour comprendre le peuple du voyage";43;2012-07-24;"Prêt livre "Roms de France, Roms en France" de jean-Pierre Dacheux"
322;O;7;"Eloge de la gratuité comme rempart à toujours plus de marchandisation";43;2012-03-12;"Prêt de livre : "La simplicité volontaire contre le mythe de l'abondance" de Paul Aries"
1391;O;7;"Prete livres lu audio. Idéal à écouter pendant des déplacements (lecteur CD ou Clé USB ou MP3). Liste sur demande";124;2018-06-08;"pret livre audio"
1483;O;14;"accompagnements locaux : courses, RDV ou transport d'objets emcombrants mais pas trop quand même, j'ai une 208 :)";446;2018-11-20;"déplacements voiture"
1220;D;16;"Bonjour, suite à un problème mécanique, nous aurions besoin en dépannage d'une poussette canne.Le temps de faire la réparation qui nécessite l'envoi en après vente.Si vous avez une en attente, ou entre deux, merci d'avance pour votre aide !Antoine Moreau(06 64 71 54 99)";325;2017-10-03;"Besoin poussette canne"
1395;O;7;"Un essai à propos des premiers hommes à avoir transmis le sida.";43;2018-06-14;"Prêt livre "Patient Zéro" de Philippe Besson"
1210;O;9;"Bonjour je peux aider ou apprendre à utiliser PC (pas de mac), tablette,Word, Excel, powerpoint, faire un site avec google, utiliser les réseaux sociaux";443;2017-09-21;"aide informatique"
657;O;7;"journal d'un vagabond en Inde";43;2014-08-31;"Pret "Nue India" d'Alexandre Bergamini"
658;O;7;"";43;2014-08-31;"Prêt "le développement durable" dEdwin Zaccaï"
334;O;7;"Le décryptage psy de l'oeuvre d'Hergé";210;2012-04-10;"Prêt de "Tintin chez le psychanalyste" de Serge Tisseron"
357;O;7;"";202;2012-05-05;"Prêt des livres Harry Potter "
345;O;14;"Mise à dispo permanente voiture contre conduites Poissy Marly le roi matin (7H30) et soir (17H30) de maintenant au 29 juin 2012";178;2012-04-30;"Mise à disposition permanente d'une voiture contre chauffeur "
347;O;1;"coaching de recherche d'emploi";178;2012-04-30;"Rédaction de CV, préparation aux entretiens d'embauche"
348;O;1;"Construire votre projet et faire un business plan";178;2012-04-30;"Conseil en développement de projets (vente, marketing, communication)"
349;O;1;"Coach diplômée de Paris 8, membre de l'Association européenne de coaching";178;2012-04-30;"Coaching de vie (changement professionnel, personnel, confiance en soi, préparation aux examens, ...)"
350;O;1;"Coach et relaxologue diplômée";178;2012-04-30;"Séances de relaxation et gestion du stress"
355;O;6;"";202;2012-05-05;"Prêt de DVD Star Wars ép IV V et VI nouvelle version"
356;O;6;"";202;2012-05-05;"Prêt du DVD de la série TV anglaise "Life on Mars""
351;D;11;"Cherche prof de chant (gospel et/ou classique)";178;2012-04-30;"Cours de chant"
352;D;11;"Cherche prof de Qi Qong";178;2012-04-30;"Cours de Qi Qong"
353;O;3;"Pour nettoyer murs, terrasses, ...";178;2012-04-30;"Prêt d'un karcher haute pression "
354;D;1;"1 fille de 3 ans et 1 garçon de 18 mois au mois d'aout  ";169;2012-05-03;"Garde d'enfants "
358;D;14;"";178;2012-05-11;"Cherche qqn pour faire la révision d'une Renault Scenic "
371;O;7;"Essai d'économie politique pour sortir de l'Europe libérale";43;2012-06-05;"prêt livre "Nous on peut" de Jacques GENEREUX"
360;O;13;"";79;2012-05-30;"Donne cours de roller ou/et roller hockey"
361;O;2;"";79;2012-05-30;"Nourrir les animaux en cas d'absence (vacances, weekend)"
362;O;11;"Ils sont fait pour voyager!!! Alors faisons les tourner!!!";79;2012-05-30;"Prêt de nombreux Guides de voyage (Italie, Antilles, Reunion, Maltes...)"
709;O;4;"Selon vos envies : gâteaux, biscuits, spécialités françaises, nordiques ou américaines. ";336;2014-11-27;"Cours de pâtisserie"
364;O;11;"Version "table ronde", comme en Allemagne, autour d'une bière, pourquoi pas!";79;2012-05-30;"Conversation en anglais et en allemand "
365;D;16;"Calcul des menualisation, des congés payés... Arghh!!! on ne comprend pas tout!!!";79;2012-05-30;"Aide à comprendre la rémunération et déclaration d'une assistante maternelle"
377;O;10;"Pousses de bégonias à larges feuilles";204;2012-07-10;"Plantes"
378;O;10;"Pousses de bégonias à feuilles fines et pointures";204;2012-07-10;"Plantes"
367;D;11;"Niveau débutant : Une méthode ou tout autre support sera bienvenu!";79;2012-05-30;"Cours de conversation en russe"
369;D;2;"Hécatombe chez nos lombrics après coup de chaud, nous cherchons un peu de lombricompost pour relancer notre lombricompsteur.";192;2012-05-31;"Don de lombrics pour lombricomposteur"
372;O;7;"";43;2012-06-05;"prêt livre Le monde Hors série "L'atlas des minorités""
379;O;10;"Pousses de coleus pourpres";204;2012-07-10;"Plantes"
380;O;10;"Pousses de coleus pourpres bordés de vert pistache";204;2012-07-10;"Plantes"
1110;O;5;"17 albums Dupuis et Casterman nickel neuf : 1 Mafalda +3 Boule et Bill+ 1 Gaston Lagaffe+ 2 Marsupilami+ 7 Yoko Tsuno+ 3 Tintin";256;2017-03-10;"je donne"
384;O;7;"Polar suédois. Si vous avez aimé la trilogie "Millenium".";43;2012-07-24;"Prêt livre "le prédicateur" de Camilla Läckberg"
1299;O;7;"Livre illustré par des aquarelles (Philippe Lorin):SUR les Pas de Georges SAND.Auteur : Gonzague Saint Bris , préface de Françoise CHANDERNAGOR.Édition France Loisirs.Très beau livre illustré sur la vie et l’œuvre de George SAND.";163;2018-02-14;"Donne livre"
1224;D;6;"";131;2017-10-23;"Je cherche le DVD Dr Jekill et Mr Hyde pour le montrer à mes filles. "
397;O;7;"";222;2012-10-02;"Prêt de la collection "Tout Maigret" de Simenon (10 volumes)"
663;O;7;"Tout pour se mettre au Kaizen.";43;2014-08-31;"Prêt de "combien de catastrophes avant d'agir" de Nicolas Hulot"
408;O;7;"En finir avec le nucléaire Benjamin Dessus Bernard Laponche  Seuil";90;2012-12-12;"Prêts livres"
392;O;7;"Un brillant trader a l'opportunité de plomber définitivement la finance.";43;2012-08-26;"Prêt d'un roman : "Comment j'ai liquidé le siècle" de Flore Vasseur"
393;O;11;"";217;2012-08-28;"don de 2 jeux Nitendo DS : Harry Potter et TM trackmania ds"
1511;O;9;"Je donne un ordinateur power mac G4. C'est pas neuf mais ça valait cher à l'époque !! Je ne me résouds pas à le mettre à la casse. Qui veut lui offrir une deuxième vie ?";513;2019-01-05;"10"
401;O;11;"Une fois par mois, on pourrait se retrouver autour d'un café";42;2012-10-28;"propose d'organiser un club de lecture autour du roman contemporain"
402;O;11;"";42;2012-10-28;"propose d'organiser des soirées tarôt pour amateurs et débutants"
403;O;4;"il suffit de venir les chercher à la maison";42;2012-10-28;"donne des noix"
405;O;10;"";120;2012-12-04;"Elagage,"
406;O;10;"";120;2012-12-04;"Elagage,coupes arbustes divers"
407;D;1;"Relecture + répétitions orales";222;2012-12-06;"Aide pour présentation scientifique en anglais"
409;O;7;"Maîtriser la consommation d'énergie  Bernard Laponche  Le Pommier";90;2012-12-12;"Prêt Livres"
410;O;7;"Le changement climatique expliqué à ma fille  Jean-Marc Jancovici";90;2012-12-12;"Prêt Livres"
411;O;7;"Naissance d'un pont  Maylis de Kerangal  Verticales";90;2012-12-12;"Prêt Livres (Roman)"
412;O;7;"C'est plus grave que ce qu'on vous dit... mais on peut s'en sortir ! 15 solut contre crise éco à appliquer d'urgence P.Larroutur";90;2012-12-12;"Pret Livres"
413;O;7;"Un impôt juste pour une société juste  Les notes de la fondation Copernic  Syllepse";90;2012-12-12;"Prêt Livres"
414;O;6;"10 épisodes sur la vie politique au Danemark. Quand on commence on ne peut plus s'arrêter... J'aurai prévenu";90;2012-12-12;"Prêt Serie 1 Borgen Une femme au pouvoir"
415;O;7;"Deux exemplaires";90;2012-12-12;"Vente livre : L'homme qui plantait des arbres Jean Giono dès 8 ans Folio Cadet"
416;O;5;"L'intégrale de 'Survivants - Anomalies quantiques' par Leo (5 volumes) §§http://www.bedetheque.com/serie-26616-BD-Survivants-Anomalies-quantiques.html§§";11;2017-04-01;"Prêt de bandes dessinées"
417;O;6;"DVD sur le Service Volontaire Européen - http://www.heureuxquicomme-lefilm.com/";226;2012-12-27;"Prêt d'un docu "
418;O;7;"Le sens du bonheur - Jiddu Krishnamurti";226;2012-12-27;"Prêt livre"
419;O;7;"Le rire de résistance - Jean Michel Ribes";226;2012-12-27;"Prêt Livre"
420;O;7;"L'avenir des idées - "Le sort des biens communs à l'heure des réseaux numériques" - Laurence Lessig";226;2012-12-27;"Prêt Livre"
421;O;7;"hors série de la vie/Le monde ";43;2013-01-13;"prêt "L'atlas des Utopies""
423;O;7;"pour mieux connaitre cette union syndicale";43;2013-01-13;"Prêt livre "Qu'est-ce que Solidaires""
806;O;7;"Pourquoi et comment le capitalisme n'est pas compatible avec la lutte contre le réchauffement climatique";43;2015-08-16;"pret livre "tout peut changer" de Naomi Klein"
751;O;16;"Taille naissance à 2 ans, fille et garçon.";177;2015-03-12;"Donne vêtements bébé et gigoteuses"
427;O;15;"Je possède une machine à coudre";245;2013-01-15;"Petits travaux de couture"
428;O;4;"d'origine réunionnaise je peux confectionner un repas complet.";245;2013-01-15;"Préparation repas réunionnais"
431;O;7;"Recueil de conseils pratiques et d'expérience pour mettre en oeuvre la régie publique du l'eau.";43;2013-02-11;"Prêt livre "le guide de la gestion publique de l'eau" de Gabriel Amard"
430;O;1;"Juriste en droit social je peux aider jusqu'au niveau licence.";245;2013-01-15;"Cours droit du travail"
432;O;3;"";90;2013-02-18;"Prêt de perceuse/visseuse sans fil"
446;O;7;"pour tout savoir sur le père de l'agroécologie";43;2013-04-21;"Kaizen - hors série spécial Pierre Rabhi"
435;O;5;"L'intégrale de 'Bételgeuse' par Leo (suite de 'Aldébaran') (5 volumes) §§http://www.bedetheque.com/serie-1806-BD-Betelgeuse.html§§";11;2013-03-09;"Prêt de bandes dessinées"
436;O;5;"L'intégrale de 'Aldébaran' par Leo (5 volumes) §§http://www.bedetheque.com/serie-1805-BD-Aldebaran.html§§";11;2013-03-09;"Prêt de bandes dessinées"
437;O;5;"L'intégrale de 'Antarès' par Leo (suite de 'Bételgeuse') (6 volumes) §§http://www.bedetheque.com/serie-15179-BD-Antares.html§§";11;2015-12-31;"Prêt de bandes dessinées"
1459;O;9;"2 DVD+R recordable 4.7GB";371;2018-10-06;"DVD enregistrables"
445;D;9;"BonjourJ'ai deux PC et qui ont chacun un souci : Le fixe se deconnecte sans cesse d'internet et le portable est tellement lent qu'il est inutilisable alors qu'il est tres recent.Si un surdoué de l'informatique veut bien m'aider....Merci";257;2013-04-20;"depannage pc"
1448;O;4;"Donne graines de kéfir de fruits";431;2018-09-20;"Graines de kefir de fruits"
662;O;7;"Tout pour les candidats écolos en manque d'inspiration!!";43;2014-08-31;"Prêt "Pour un pacte écologique" de Nicolas Hulot"
625;O;8;"deux heures de visite";320;2014-04-18;"visite guidée générale du patrimoine de Poissy"
497;D;1;"Coaching, accompagnement pour des prises de parole régulières";226;2013-10-22;"Prise de parole en public"
661;O;7;"Pour rester en bonne santé dans votre intérieur";43;2014-08-31;"Prêt "Construire une maison non toxique" de Paul de Haut"
451;O;1;"Bonjour,j'ai été syndic et je vous propose de vous aider à devenir syndic non professionnel de votre résidence ou de vous conseiller par rapport à un problème spécifique que vous rencontrez.";262;2013-05-30;"Syndic - aide au passage en non professionnel"
448;O;3;"Disponible immédiatement : Environ 5m2 de carrelage céramique blanc de qualité avec des marbrures mouchetées grise.Finition mat, légèrement brillantPhotos sur demande";79;2013-04-22;"Carrelage blanc 33x33cm (env. 5m2) à donner"
664;O;7;"";43;2014-08-31;"Prêt de "l'an 1 de l'ère écologique" d'E. Morin et N. Hulot"
456;O;7;"Guide aux éditions Ouest France "Itinéraires de découvertes".Donne de belles idées de découvertes et de balades";179;2013-06-11;"Prêt "les plus belles voies vertes de France à vélo""
493;O;6;"Guy Bedos - La vie est une comédie italienne - Intégrale, coffret 10 DVD";274;2013-10-09;"Prêt DVD"
494;O;1;"";287;2013-10-11;"je peux aider à relire des lettres en anglais"
665;O;7;"";43;2014-08-31;"Prêt de "La génération future a-t-elle un avenir?" de Christian de Perthuis"
1074;O;9;"Je donne, suite au changement de mon imprimante, 2 cartouches couleur Tri-colour neuves ref 343 pour imprimante HP";256;2016-12-08;"2 cartouches couleur neuves"
463;O;7;"roman d'anticipation sur société de consommation, manipulation des masses et contrôle sécuritaire.";43;2013-08-05;"prêt "Zen city" de Grégoire Hervier"
1290;O;4;"Je dispose d'un grand nombre de document en pdf, copie de livre de recette weigt watcher, si cela interesse je les fournit par mail";443;2018-01-24;"donne par mail plusieurs livres en pdf de recette weigt watcher"
492;O;6;"Borgen Une femme au pouvoir, saisons 1 et 2";274;2013-10-09;"Prêt DVD Série"
671;O;7;"Hors Série le Monde";43;2014-09-11;"Prêt magazine sur Mandela - leçons d'une vie"
670;O;7;"Actes du colloque d'Angers mai 2003";43;2014-08-31;"Prêt de "Eoliennes, quels impacts environnementaux?"  de Pascal Germain"
1613;D;11;"Bonjour,Novice, j'aimerai avoir des échanges/conseils pour me lancer de façon complètement ludique dans la conception interior design. Est-ce que quelqu'un est dans le métier ou simplement passionné(e) ? Bonne journée,Eric";524;2019-08-11;"Echanges sur techniques de dessin/interior design"
1589;O;5;"L'intégrale de 'Retour sur Aldébaran' par Leo (suite de 'Aldébaran') (2 volumes) §§https://www.bedetheque.com/serie-61029-BD-Retour-sur-Aldebaran.html§§";11;2019-06-14;"Prêt de bandes dessinées"
491;O;8;"abonné à AE, je cède en début de mois le N° du mois précédent. Ex :"Reprise, es-tu là?" de septembre 2013";276;2013-10-07;"don de N° d'Alternatives Economiques"
473;O;16;"Faire des petits travaux de couture : ourlets et petites retouches";256;2013-09-22;"couture basique"
474;O;4;"Pour tester les graines germées dans votre alimentation. Petite boite à étages de la taille d'une casserole. Verser vos graines (soja, alfafa,etc...), arroser, patientez, dégustez!";43;2013-09-23;"prêt d'un germoir à graine pour quelques jours"
482;O;9;"Pour créer des flyers, affiches avec un logiciel libre (Scribus)";226;2013-09-30;"Assistance à la création de documents PAO (Programmation Assistée par Ordinateur)"
481;O;15;"Patine des objets ou petits meubles dans les couleurs de votre choix : pied de lampe, table de chevet, plateau, etc...";284;2013-09-30;"Patine de meubles"
477;O;11;"Dessinant beaucoup dans mes heures perdues, j'ai acquis une certaine maîtrise. Si des personnes sont intéressées pour échanger des techniques de dessin ou tout simplement pour s'initier, je suis partante !";259;2013-09-29;"Initiation au dessin"
478;O;10;"prête scarificateur électrique/scie électrique/karcher/tronçonneuse/";194;2013-09-29;"prêt d'outillage"
479;O;7;"divers auteurs Mankell,Indridason,Connely,Lemaitre, Bussi,Simenon,....";194;2013-09-29;"prêt de romans policier"
480;O;3;"ponçeuse/ décolleuse/";194;2013-09-29;"pret outillage"
483;O;1;"Expérience RH mise à disposition";226;2013-09-30;"Aide pour "Booster" un Cv et lettre de motivation"
484;O;1;"Expérience RH mise à disposition";226;2013-09-30;"Aide pour préparer un entretien de recrutement"
485;O;15;"envie de changer de décor par petite touche ?  Je recrée un abat-jour à partir d'un existant ou je vous en farique un nouveau.";284;2013-09-30;"fabrication d'abat jour"
487;O;14;"propose covoiturage poissy saint germain en laye : les lundis, mardis, jeudis et vendredi.";284;2013-09-30;"covoiturage"
488;O;17;"possède un portant pour présenter vêtements dans une brocante.";284;2013-09-30;"prêt d'un portant à vêtements"
490;O;7;"nombreux magazines de decoratiob : campagne deco, maison de campagne le journal de la maison";284;2013-10-02;"pret de magazine de decoration"
659;O;7;"Que sais-je";43;2014-08-31;"Prêt "les 100 mots de l'environnement" de Henri Proglo"
660;O;7;"une mine d'or pour une (ré)orientation professionnelle";43;2014-08-31;"Prêt "un métier pour la planète et surtout pour moi" de M. Balmain et E. Laville"
512;O;7;"prête livre de Lemaitre (Robe de marié, Alex)Bussi (un avion sans elle)";194;2013-11-06;"pret livre"
775;O;2;"";94;2015-05-16;"nourrir un chat en votre absence"
776;O;10;"Notre compost nous produit régulièrement du "thé", c'est très utile et efficace comme engrais naturel. Il faut juste doser 1 dose pour 9 doses d'eau.Notre compost fonctionne avec des lombrics, nous en avons beaucoup. Alors si vous en voulez, on en donne.Gabrielle";226;2015-05-19;"Donne du "thé" et vers de compost pour lombricomposteur"
766;O;10;"Les vers se plaisant beaucoup dans mon lombricompost, ils se sont bien reproduits donc si quelqu'un souhaite démarrer un lombricompost, je peux lui passer un bon paquet de vers.Si vous voulez un retour d'exéprience sur le lombricompostage, n'hésitez pas à me contacter. Moi, ça m'a permis de réduire d'environ 40% mes déchets et les plantes de mon balcon (surtout les fraisiers :o) se portent beaucoup mieux grâce au compost et à l'engrais liquide qu'il produit.";347;2015-04-25;"Offre vers de lombricompostage"
507;O;8;"abonné à Alternatives Economiques , je cède en début de mois le N° du mois précédent. Ex:"Impôts, protection sociale, dépenses publiques,... : qui va payer?" d'octobre 2013";276;2013-11-02;"don de N° revue Alternatives Economiques"
1502;O;7;"Photos d'Izis en noir et blanc pour Reporters sans frontières";43;2018-12-09;"Donne livre "100 photos pour la liberté de la presse" "
537;O;16;"Combinaison ChaussureCasqueTaille à voir ensemble";148;2013-12-22;"Don de combinaison de ski enfants moins de 4 ans"
510;O;16;"";209;2013-11-05;"prêt d'un nettoyeur vapeur"
630;O;1;"Sauf entre le 1er juin et le 5 juillet";239;2014-05-13;"Garde d'enfant(s), jusqu'à 10 ans"
629;O;10;"A partir du 5 juillet, août, septembre.";239;2014-05-13;"Arrosage plantes et/ou jardins"
1103;O;16;"2 boites largeur 13cms 2 boites largeur 6 cms3 boites largeur 4 cms";94;2017-02-12;"je donne boites en plastique pour classement de documents "
520;D;15;"Pour confection de rideaux.";226;2013-11-17;"Recherche machine à poser des oeillets"
534;O;13;"j'ai une machine à corder : je peux vous apprendre à corder votre raquette ou le faire pour vous. Il vous faut juste venir avec un cordage neuf (dans le commerce on trouve des bobines ou cordages vendus à l'unité)!";180;2013-12-20;"Cordage de raquettes de tennis !"
535;O;13;"Prêt de machine à corder (c'est assez lourd, il faut être vraiment motivé :) !)machine manuelle : un poids sur un axe vient tendre le cordage.";180;2013-12-20;"Cordage de raquettes de tennis"
525;D;11;"";226;2013-11-25;"Initiation au montage vidéo"
553;O;16;"Excédent d'agendas papiers non envoyés à mes clients(!) : 1 page par jour, reliure bleue marine, inscrit en doré "Kettlitz" sur la face. Dimensions de l'agenda : 11 x 19.5 x 2,5 cm. Environ 20 exemplaires disponibles.";180;2014-01-28;"Donne agendas papiers 2014"
572;O;7;"Chaque numéro (depuis 2004) est un recueil d’articles passionnants et donne la parole à des artistes, hommes, femmes qui participent à la construction d’un monde basé sur la solidarité, l’ouverture, la découverte, l’humanisme, le respect de la nature. ";226;2014-03-08;"Prêt de la revue Canopée "pour une écologie de la terre, du corps et de l'esprit""
531;D;3;"";256;2013-12-09;"monter un petit meuble à micro onde neuf à roulettes et des étagères à livres types ikea"
667;O;7;"de O. Gélinier, FX. Simon, JP. Billard et JL. Muller";43;2014-08-31;"Prêt de "Développement durable pour une entreprise compétitive et responsable" "
552;O;16;"Vêtements divers pour bébé (garçon) de taille Naissance à 3 mois (pour l'instant).";307;2014-01-21;"Prêt de vêtements pour bébé"
540;O;7;"la transition dans le domaine de l'énergie, de l'alimentation, de l'éducation, de l'habitat, de l'économie,...";43;2013-12-23;"Prêt du Hors série de Kaizen "la France en transition""
551;D;11;"Recherche des bouteilles d'encre (toutes couleurs) pleines pour écrire à la plume.";259;2014-01-21;"Bouteille d'encre"
1078;O;7;"";371;2016-12-10;"Prêt livre 365 gestes pour sauver la planète"
550;O;16;"Vêtements de garçon , hiver, Taille 12-14 ans ainsi qu'une Doudoune rouge garçon 12ans ,trés bon état;";214;2014-01-13;"Donne vêtements garçon"
555;O;15;"";305;2014-02-02;"donne cours de tricot"
582;O;6;"";94;2014-03-17;"Prêt de coffrets DVD - Harry Potter (intégral) - Le seigneur des anneaux (intégral)"
583;O;8;"";94;2014-03-17;"Prêt revues de la collection Kaizen (depuis le n°1)"
584;O;8;"";94;2014-03-17;"Revues hors série : -le Monde des religions: les grands mythes de l'humanité"
585;O;8;"";94;2014-03-17;"Prêt revue Le Monde des religions : les grands mythes de l'humanité"
559;O;7;"nouveaux auteurs(primes)stephane lefevre- opalelaurent guillaume-mako,-le roi des cranes-doux comme la mort-black cocainevalentin musso-la route des innocents";264;2014-02-13;"policier "
562;O;14;"pour les grandes roues 215 65 15 / 215 60 16 / 245 45 16 / 240 55 390 : 215  70 14 / 225 65 15/ 225 65 16 / 235 45 17 /215 70 15 / 235 60 15 / 235 /60 16 /";276;2014-02-15;"prête caihes à neige Koenig 100 modele Y"
561;O;17;"trveaux simple de coutureje peux aussi preter ma machine";264;2014-02-13;"couture"
564;O;4;"";310;2014-02-16;"prêt de livres de cuisine en tous genre"
571;D;7;"Emmanuelle Heidsieck a écrit le roman "A l’aide ou le rapport W", qui nous projette dans un futur très proche où la solidarité et la gentillesse sont devenues des délits. ";226;2014-03-08;"Recherche du livre "A l'aide ou le Rapport W" d'Emmanuelle Heidsieck"
1289;O;1;"J'ai été avs pour des enfant dys j'ai tout un dossier avec des documents tres utiles pour aider les enfants dys et les comprendre comme pour les cours scolaires je les fournis par mail sur demande";443;2018-01-24;"doonnes par mail dossier pour enfant dys"
916;O;12;"58cm de haut / 48cm de large. Tour en bois peint couleur mauve ";405;2016-04-02;"Donne miroir "
1205;O;16;"Nous donnons une écharpe de portage pour bercer, promener, ... votre nouveau né !";448;2017-09-15;"Écharpe de portage"
568;O;2;"Toutes propres et en bon état, demandez les photos !";90;2014-02-17;"Animaux en peluche"
573;D;7;"Feuilleté dans une maison d'hôtes, envie de lire ce "vade-mecum" de l'homme moderne allant vers davantage d'autonomie.";226;2014-03-08;"Recherche "Savoir revivre" de Jacques Massacrier"
574;D;17;"";226;2014-03-08;"Valet"
575;D;3;"Pour personnaliser une lampe d'intérieur";226;2014-03-08;"Lampe/Pied de lampe/socle d'abat-jour"
611;O;14;"";315;2014-04-02;"Covoiturage / transport occasionnel"
580;O;11;"";148;2014-03-12;"Porte bébé/enfant pour vélo"
593;O;7;"";94;2014-03-17;"Pret : La thérapie cognitive basée sur la pleine conscience pour la dépression. Zindel V.Segal, J.mark G.Williams, John D. Teasd"
594;O;7;"";94;2014-03-17;"Prêt : Pierre Rabhi "Manifeste pour la Terre et l'Humanisme""
595;O;7;"";94;2014-03-17;"Prêt:: Pierre Rabhi "Vers la sobriété heureuse""
596;O;7;"";94;2014-03-17;"Prêt : Pierre Rabhi "Parole de Terre""
597;O;7;"";94;2014-03-17;"Prêt :Pierre Rabhi  "La part du Colibri""
598;O;7;"";94;2014-03-17;"Prêt : Pierre Rabhi "l'éloge du génie créateur de la société civile""
599;O;7;"";94;2014-03-17;"Prêt : Olivizer Le Naire "Pierre Rabhi semeur d'espoirs" entretiens"
600;O;7;"";94;2014-03-17;"Prêt : Edgard Morin "Terre Patrie""
601;O;7;"";94;2014-03-17;"Prêt : Edgard Morin "Mon chemin""
602;O;7;"";94;2014-03-17;"Pret : Edgard Morin "La méthode - Ethique""
673;O;11;"Demande pourvue! merci!Bonjour,Dans le cadre du défilé festif "vélos de la paix" du 20 septembre (cf. lien ci-dessous), nous recherchons au moins deux vélos de femmes. http://mdbseineaval.org/2014/09/08/defile-velos-paix-20-septembre/Merci,Gabrielle";226;2014-09-15;"Recherche Vélos pour le défilé "Vélos de la paix" du 20/09"
608;O;4;"catalogue de 80 produits bio parfois ancestraux mais oubliés et 70 recettes";284;2014-03-31;"prêt d'un livre le bio-book"
609;D;17;"Bonjour,Je recherche pour le vendredi 13 Juin, une machine à barbe à papa pour la kermesse de l'école.Merci beaucoup.Cordialement,Corinne";315;2014-04-02;"Recherche de machine à barbe à papa (kermesse école)"
612;O;11;"pour les vacances, jeux de société : Les aventuriers du rail ( Europe et extension Afrique)8ans et + , Carom (billard indien)plateau bois 70x70cm ";276;2014-04-07;"prêt de jeux de société"
613;O;11;"";317;2014-04-07;"Cours de Guitare Electrique (débutant, moyen)"
669;O;7;"";43;2014-08-31;"Prêt de "Trop de pétrole - énergie fossile et réchauffement climatique" de Henri Prévot"
668;O;7;"";43;2014-08-31;"Prêt de "L'esentiel du droit de l'environnement" de Catherine Roche"
666;O;7;"";43;2014-08-31;"Prêt de "le développement durable" de E. Arnaud , A. Berger et C. de Perthuis"
628;O;10;"Je propose des pousses d'Althéa à fleurs blanches (rose à l’intérieur) de mon jardin. voir photo §§http://www.visoflora.com/photos-nature/photo-althea-blanc-3.html§§";90;2014-05-12;"Pousse d'Althéa"
680;O;14;"";328;2014-10-04;"Je me propose de vous accompagner en voiture ou d'amener des colis"
682;O;11;"";328;2014-10-04;"Je me propose de vous faire découvrir ou partager la pêche a la mouche  ainsi que d'autres techniques de pêche"
683;D;11;"";328;2014-10-04;"Recherche matériel de pêche a la ligne plus particulièrement pêche a la mouche"
1453;O;10;"nous pouvons aussi vous donner quelques conseils pour bien démarrer!Si vous êtes juste curieux du lombricompostage, on peut aussi vous renseigner";504;2018-10-02;"Don de lombrics pour commencer un lombricomposteur"
1203;O;7;"un recueil de 10 nouvelles qui immerge dans la vie grecque.";43;2017-09-11;"pret livre - Une nuit en Crète de Victoria Hislop"
1445;O;4;"Je donne des grains de kéfir pour fabriquer du kéfir de fruit. Mon kéfir s'est développé et j'en ai maintenant trop. ";489;2018-09-16;"Don de grains de kefir"
697;O;1;"Jeune infirmière, nouvelle arrivée sur Poissy, je suis disponible quelques après midi par mois pour d'éventuelles gardes d'enfants ou aide à la personne âgée. Titulaire du permis B et véhiculée.";326;2014-11-09;"Garde d'enfant et aide à la personne."
694;O;9;"Ingénieur informaticien, donne cours d'informatique tous niveaux.";334;2014-11-05;"Cours d'informatique"
786;O;4;"Utilisation possible :  plateau à fromages ou assiette à gâteau. déco : vaches colorées sur fond blanc! Diametre : 32 cm";43;2015-07-15;"Plateau tounant"
689;O;4;"Pour faire soi-même un probiotique naturel";329;2014-10-14;"Je donne des grains de kéfir"
690;O;5;"L'intégrale de 'Les 7 vies de l'épervier' - Cothias et Juillard (7 volumes) §§http://www.bedetheque.com/serie-1739-BD-7-vies-de-l-Epervier.html§§";11;2014-10-16;"Prêt de bandes dessinées"
691;O;5;"L'intégrale de 'Plume aux vents' (2e époque de 'Les 7 vies de l'épervier') - Cothias et Juillard (4 volumes) §§http://www.bedetheque.com/serie-552-BD-Plume-aux-vents.html§§";11;2014-10-17;"Prêt de bandes dessinées"
695;O;15;"Je peux donner un coup de main ponctuel de type manutention dans le cadre de travaux par exemple";334;2014-11-05;"Coup de main ponctuel"
696;O;14;"Je pars vers 6h chaque matin direction Meudon (Velizy 2) par A13 sortie St Cloud niveau Tramway T2 - (Parc de Saint Cloud).Vous avez besoin de vous rendre sur Paris, vous serez le/la bienvenue à bord";334;2014-11-05;"trajet quotidien Poissy -> Meudon via St Cloud"
710;O;15;"Écharpes, bonnets et gants n'auront plus de secrets pour vous. ";336;2014-11-27;"Cours de tricot"
711;O;6;"La saison 1,2 et 3 de FRINGE, La saison 1 et 5 de DR HOUSE, la saison 1 de UNFORGETTABLE. ";309;2014-11-29;"Prêt de DVD, série TV"
705;O;12;"Table rectangulaire en bois plaqué couleur brun-noir6 à 8 personnesHauteur 74,2 cmLongueur 175 cmLargeur 95 cm2 rallonges de 42,4 cm Photos sur demande à plettener@gmail.comou 0673310481";88;2014-11-22;"Donne Table salle à manger rectangulaire IKEA type Bjursta"
"702;O;1;""aide aux devoirs d'allemand, rédaction de textes en allemand, traductions de/vers allemand/français"";59;2014-11-13;""Allemand, oral et écrit	"""
706;D;13;"Taille AdulteMerci";88;2014-11-22;"Cherche raquettes à neige, à emprunter pour les vacances de Noël"
712;O;6;"Le roi lion (la trilogie), le monde de némo, mulan, mulan 2, la belle et la bête, la petite sirène, cars, wall-e, bambi et bambi 2, aladdin, pocahontas, pocahontas 2.";309;2014-11-29;"Prêt de DVD Disney et Pixar"
713;O;7;"Les enfants de la liberté, Toutes ces choses qu'on ne s'est pas dites, Le premier jour, La première nuit, Le voleur d'ombre et autres ...";309;2014-11-29;"Prêt de livre de poche Marc Levy "
714;O;3;"Je dispose de matériel professionnel de type Perforateur, visseuse, scis sauteuse, pince à PVC et petit outillage.";84;2014-11-29;"Prêt d'outillage."
722;O;4;"Sorbetière & chaudron à confiture ";178;2015-01-02;"Prêt de matériel "
760;D;9;"Nous sommes à la recherche d'un lecteur/graveur DVD externe. Durée du prêt: 2/3 jours. merci !";276;2015-04-06;"Recherche lecteur/graveur DVD externe"
1595;O;16;"Je pourrai apporter ces vêtements mercredi prochain, je serai de distribution.Il y a des t-shirts, un jean, des pulls, des chaussettes.";510;2019-06-27;"Don de vêtements garçon 7/8 ans"
1514;O;5;"Prête les bd de la trilogie Nikopol et de la trilogie "Sommeil du monstre" de Enki BILAL";380;2019-01-07;"Prêt BD Enki BILAL"
750;O;16;"Disponibles : un transat bébé, une baignoire en plastique, un parc, une poussette (chicco trio for me).";177;2015-03-12;"Donne matériel de puériculture"
900;O;4;"Sauf avis contraire de Philippe, je viendrai la déposer chez lui samedi 12 mars début après-midi.";239;2016-03-11;"Je donne une bouilloire en bon état, directement au SEL pour les rencontres."
733;O;4;"je vous propose au choix : plat italien, indien, asiatique ou autre.Remboursement achat des ingrédients. Temps de préparation en graines.";94;2015-01-19;"pas le temps de cuisiner ? je le fais pour vous "
727;O;16;"je recupere les capsules de cafe,ainsi que bouchons de champagne ou cidre ainsi que les muselets en metal.";264;2015-01-06;"recyclage  "
728;O;3;"donne 6 dallesen gravier à nettoyer mais en bon état.";284;2015-01-07;"donne dalle"
729;O;7;"7 sages venus des 4 coins du Monde se réunissent pour transmettre les clés de la sagesse universelle à 2 ados.";43;2015-01-13;"Prêt livre - L'ame du monde de Fredéric Lenoir"
730;O;7;"Les terriens se déchirent et un astéroïde menace de pulvériser la Terre.";43;2015-01-13;"pret livre la voix de la Terre de Bernard Werber"
1092;O;3;"Je prête une décolleuse à papier peint .Danielle Nelis";163;2017-01-19;"prêt d'une décolleuse ."
1010;O;13;"Je prête 1 à 2 paires de bâtons de randonnée réglables pour adultes";371;2016-09-01;"Prêt de bâtons de randonnée"
781;O;8;"";131;2015-06-22;"Cherche cours de grec moderne (conversation)"
891;O;11;"Prêt ponctuel d'un réflexe numérique, Canon EOS 600D";345;2016-02-28;"Prêt d'un appareil photo "
850;O;7;"Quand la misère chasse la pauvretéMajid Rahnema";371;2015-12-03;"Prêt livre"
792;O;11;"Petit futé (coll. Carnet de voyage) sur la Lettonie (2013)";345;2015-07-18;"Donne guide Lettonie"
793;O;7;"Prête livres de sciences : biologie, écologie, géologie, climat, astronomie, ... . Niveau : vulgarisation à universitaire.Liste ici : §§https://docs.google.com/document/d/1gSd6CilqU0y8fl6mzKJhVI70Qe-13x363ISaRP0eVhI/edit?usp=sharing§§";345;2015-07-18;"Prête livres de sciences (sciences de la vie, de la Terre, de l'Univers, etc)"
794;O;7;"Prête livres de psychologie - développement personnel et santé (exemples : estime de soi, simplicité, communication non violente, sommeil...)Liste : §§https://docs.google.com/document/d/1jbQ1xxcCf7cfEvMedxLWEzTsNJ2OJ_v1xipL_cF2lqg/edit?usp=sharing§§";345;2015-07-18;"Prête livres de psychologie, santé"
848;O;7;"Pour un pascte écologique de Nicolas Hulot";371;2015-12-03;"Prêt livre"
849;O;7;"En anglais : Winter of the worldEn français : Aux portes de l'éternité";371;2015-12-03;"Prêt livres Ken Follet"
817;O;1;"Ingénieur de formation généraliste à dominante mécanique, avec 10 ans d'expérience en automatique, je serais ravie de vous aider en math, sur des créneaux hebdos ou ponctuels. Pas de formation enseignante, je m'efforce d'être pédagogue. ";280;2015-09-25;"Aide en mathématique jusqu'à la terminale."
828;O;6;"";81;2015-10-24;"prêt de DVD :le monde de Nemo, Peter Pan, Oliver Twist, Sans Famille 1 e2,les Aristochats, La Reine des Neiges, Cendrillon 1 et "
812;O;12;"Donne aquarium en verre bon état (contenance environ 250 litres), possibilité de quelques accessoires avec l'aquarium ";230;2015-09-03;"Donne aquarium "
1038;O;11;"";163;2016-10-10;"prêt de 2 vélos de femmes BETWIN tout terrain"
1073;O;12;"Je donne 2 grands plats de service  (54cmx22cm) en faïence, aussi décoratifs que pratiques, idéals pour le poisson mais aussi très pratiques pour servir de grandes tablées (raclette, ragouts….) photos  disponibles sur demande.";256;2016-12-04;"Vaisselle"
1049;O;11;"Prêt guide Lonely Planet Norvège + carte 1/1 250 000";371;2016-10-17;"Prêt guide Norvège + carte "
970;O;14;"marque b'Twin (Décathlon)";345;2016-07-14;"Prêt d'un vélo pliant"
826;O;2;"donne deux sacs d'aliment pour cochon d'Inde.";365;2015-10-20;"aliment pour cochon d'inde"
1328;O;10;"En hiver et jusqu'à mars, Eric propose de tailler et vous apprendre à tailler vos fruitiers";57;2018-03-18;"Taille d'arbres fruitiers"
846;O;7;"Prêt de livres en italien pour adultes et enfants";371;2015-12-03;"Prêt livres en italien"
847;O;7;"La Confiance en soi de votre enfant de Gisèle George";371;2015-12-03;"Prêt livre"
892;O;7;"Ma cuisine végétarienne pour tous les jours (Garance Leureux), Recettes végétariennes slaves (Daria Sobowiec), Pâtés végétaux et tartinades (Valérie Cupillard), Pizza veggie (SEB), Cuisine végétarienne (Marabout, traduit de l'anglais / Australie).";345;2016-02-28;"Prêt de livres de cuisine végétarienne"
1258;O;7;"Peter Wohlleben, forestier allemand, nous révèle la vie secrète et sociale des forêts. Comment les arbres perçoivent leur environnement, comment ils communiquent, comment ils régulent le micro-climat, ... ";345;2017-12-11;"Prêt livre "La vie secrète des arbres" (Peter Wohlleben)"
1293;O;7;"Guide pour améliorer son pouvoir d'achat tout en protégeant la planète (ou l'inverse), avec des astuces et adresses dans tous les domaines (consommation, technologie, transport, habitat, finance, etc)";345;2018-02-02;"Prêt livre "Le guide éco-frugal""
1294;O;8;"Abonnée au mensuel féminin (et féministe) Causette, je prête ou donne d'anciens exemplaires si vous souhaitez le découvrir.";345;2018-02-02;"Prêt / Don magazine Causette"
1051;O;11;"Prêt guide Mondeos Inde du Nord et Népal";371;2016-10-17;"Prêt guide Inde du Nord et Népal"
1123;D;4;"Si quelqu'un cherche à se débarrasser d'une râpe à fromage type triangulaire en bon état je suis preneuse!";371;2017-03-26;"Râpe à fromage"
851;O;8;"Marry Poppins / Peter Pans / Tintin et le secret de la licorne...Il corpo umano 1 à 26Il gatto con gli stivali";371;2015-12-03;"Prêt DVD en français et italien pour enfants"
894;O;7;"Liste disponible ici : §§https://docs.google.com/document/d/1pBqAuTyoykQxbA5NAqiQFa3qADkV09Ii1K7_nDddJ7w/edit?usp=sharing§§";345;2016-02-28;"Prêt de romans"
895;D;4;"Si vous en avez un en trop, je suis preneuse.";345;2016-02-28;"Moulin à poivre"
853;O;1;"Travaillant dans la communication, je vous propose de relire et corriger vos documents rédigés en français. Je réalise aussi des traductions de l'anglais vers le français.";345;2015-12-04;"Relecture, correction, traduction de l'anglais vers le français"
899;O;12;" ";81;2016-03-06;"Je donne des tissus africains "
882;D;14;"Bonjour,Je suis à la recherche d'une personne pour m'accompagner le 18 avril prochain à 8 heures 15 du matin à l'hôpital Cochin de Paris.Merci à la personne qui répondra à ma demande.Cordialement,Martine Dubourg.";384;2016-02-17;"déplacement"
1030;D;3;"Bonjour, je cherche bon artisan peintre "pas cher" pour petit chantier travaux peinture maison, suite à dégâts des eaux : un mur de salon, toilettes, plafond salle de bains. Merci";412;2016-09-27;"petit chantier de peinture"
914;O;7;""Les néo-paysans" de Gaspard d'Allens et Lucile Leclair (Seuil/Reporterre 2016). Voir : §§http://www.seuil.com/livre-9782021297287.htm§§";345;2016-04-01;"Prêt livre "Les néo-paysans""
915;O;13;"Kimono Adidas taille 1m70";405;2016-04-02;"Donne kimono de karaté "
1084;O;13;"Je prête une combinaison de ski adulte taille L bleue";371;2017-01-03;"Prête combinaison de ski adulte"
928;O;11;"";390;2016-04-16;"Prêt de vélo taille adulte"
1270;O;3;"échafaudage, grande échelle, bétonnière";390;2018-01-03;"Prêt de matériel et outils"
965;D;14;"Bonjour à tous,Je cherche une personne qui pourrait m'accompagner le 19 septembre prochain, rv hôpital Cochin à 10 heures.Merci pour votre réponse.";384;2016-07-03;"Cherche personne véhiculée pour aller sur Paris."
1118;O;4;"";163;2017-03-18;"prêt machine à pain"
999;O;7;"ensemble ou séparés, bien sûr !";345;2016-08-21;"Prête livre "Désobéir à l'argent" (les Désobéissants) et livret "Alternativez-vous" (collectif pour une transition citoyenne)"
971;O;7;"Après des accidents nucléaires, des personnages errent autour d'un kolkhoze (terminus radieux) régenté par un étrange chamane";43;2016-07-17;"pret "Terminus radieux" d'Antoine Volodine"
966;O;7;"2. Le mystérieux chevalier, 5. Sur le fleuve Amazone";90;2016-07-04;"Donne série "Cabane magique" dès 7 ans"
1043;O;11;"Prêt du guide vert Michelin sur Rome de 2011";371;2016-10-17;"Prêt guide de voyage Rome"
1044;O;11;"Donne guide du Routard sur les plus belles villes d'Italie, Espagne et Portugal, édition 2003";371;2016-10-17;"Donne guide du Routard"
1052;O;11;"Prêt guide Ulysse Canada Ontario édition 2004 + carte Ontario avec plan des villes";371;2016-10-17;"Prêt guide Canada Ontario + carte "
927;O;3;"";390;2016-04-12;"Prêt de bétonnière"
1610;O;3;"Le bec de mon arrosoir en inox s'est dé-soudé. Qui pourrait refaire cette soudure s'il vous plaît ? J'y tiens beaucoup..Merci d'avance ;) ";318;2019-07-30;"Soudure"
976;O;7;"Je donne un livre de naissance neuf pour fille en italien rose et blanc";371;2016-07-25;"Livre de naissance"
1124;O;4;"Moulinex Gustivio 8 personnes avec grill et crêpes au-dessus";371;2017-03-26;"Prêt appareil à raclette"
973;O;17;"Je donne des vêtements de taille 38 (robes, pulls etc...)";384;2016-07-18;"Dons divers"
980;O;13;"Je prête des chaussures de voile noires fermées taille 41 ";371;2016-07-25;"Prêt de chaussures de voile"
1047;O;11;"Prêt guide Lonely Planet Afrique du Sud, édition 2000";371;2016-10-17;"Prêt guide Afrique du Sud"
964;O;12;"Donne lampe de bureau.";384;2016-06-17;"Donne lampe de bureau"
939;O;2;"Donne conserves de pâté pour chat de marque Applaws de 156g l'une :- filet de thon 52%, bouillon de poisson 24%, crevettes 23%, riz 1% (7 boîtes normalement périmées au 03/01/16)- filet de thon 70%, bouillon de poisson 24%, varech 5%, riz 1% (10 boîtes péremption 12/09/17). Donne le nombre de boîtes que vous voulez.";408;2016-05-02;"Donne pâté chat"
940;O;2;"Donne croquettes pour chat de marque Acana, type Grasslands (reste 1,8 kg péremption 16/04/16). Donne la quantité que vous voulez ou le paquet.";408;2016-05-02;"Donne croquettes chat"
941;O;12;"Prête petit appareil de surveillance de la consommation électrique. Branchez vos appareils dessus et il vous dira ce qu'ils consomment.";408;2016-05-02;"Prêt"
942;O;11;"Je vous propose mon aide et/ou des conseils si vous souhaitez vous mettre à la généalogie.";408;2016-05-02;"Aide et/ou conseils"
943;O;9;"Donne une imprimante/scanner Lexmark X74 qui ne fonctionne plus que sur des versions de Windows XP ou précédentes. Les 2 fonctions marchaient encore, possibilité de tester le scanner, pour l'imprimante je n'ai plus de cartouche et ne conseille pas vraiment de l'utiliser pour cela, elle est très consommatrice.";408;2016-05-02;"Donne"
944;O;2;"Habituée des chats (nous en avons 2) et ne travaillant pas pour l'instant, je vous propose de passer nourrir, nettoyer la litière et caresser votre/vos chat(s) en votre absence.";408;2016-05-02;"Garde de chat à votre domicile"
1045;O;11;"Topo guide des sentiers de randonnée ref 075";371;2016-10-17;"Prêt livre Paris à pied "
1046;O;11;"Prêt guide Néos Michelin Syrie Jordanie, édition 2000 ";371;2016-10-17;"Prêt guide Jordanie Syrie"
954;O;7;"Je prête des romans et autobiographies (martin luther king - gandhi). Si cela intéresse quelqu'un, n'hésitez pas à me contacter.Bien à vous,Martine Dubourg.";384;2016-05-23;"Prêt livres"
1002;O;16;"C'est comme les épices, ça se périme souvent avant qu'on ait le temps de tout utiliser ! Je partage donc des huiles essentielles d'hélichryse italienne et de ravintsare ainsi que de l'argile jaune (le tout vient d'aroma-zone). J'ai aussi tout un tas d'HE dont la date est dépassée mais que j'utilise encore...";345;2016-08-21;"Partage des huiles essentielles et de l'argile"
960;D;14;"";362;2016-06-01;"cherche un siege pour enfant (2/3 ans) a fixer sur un VTT "
1050;O;11;"Echelle 1 / 650 000";371;2016-10-17;"Prêt carte touristique Arménie Azerbaijan"
1028;O;10;"Je prête mes outils de jardin :fourche, râteau, sécateur, bèche,.... cisailles ...Danielle";163;2016-09-24;"prêt d'outils de jardin "
1048;O;11;"Prêt guide bleu Rajasthan-Gujarat Adra, Dehli, Fatehpur Sikri, 2005";371;2016-10-17;"Prêt guide Rajasthan"
1122;O;4;"";371;2017-03-26;"Prêt de couscoussière"
1011;O;11;"Prêt de cartes IGN de randonnée dans les Pyrénées autour du massif du Carlit / Font Romeu.Cartes au 1:25000 n°2249 ET et 2249 OT";371;2016-09-01;"Cartes IGN Pyrénées"
1029;D;3;"Bonjour, je cherche quelqu'un qui sait -et pourrait m'aider à-construire un cadre grillagé de fenêtre, qui permet d'aérer sans que les chats sortent... "Assez" urgent. Merci";412;2016-09-27;"Aide a bricolage"
1055;O;4;"Donne lèche-frite en bon état. Largeur 44,5 cm. Profondeur 37,5 cm.";357;2016-10-29;"Lèche-frite"
1484;O;2;"en votre absence je prendrais soin de vos chats, chiens, poissons, rongeurs ";446;2018-11-20;"garder vos animaux"
1063;O;2;" j'adore les chats, je vous propose de passer nourrir, nettoyer la litière et caresser votre/vos chat(s) en votre absence.";427;2016-11-18;"garde de chats à votre domicile"
1109;O;15;"Je propose de donner un coup de main pour tout type de bricolage ne nécessitant pas de compétence particulière. J'ai déjà participé à des chantiers domestiques (aménagement de combles) mais pas suffisamment pour être autonome.";434;2017-03-09;"Bricolage"
1064;D;3;"J'ai un meuble de cuisine à fixer au mur. Puis installer une étagère dans du placoplatre, installer un lustre, accrocher un cadre. Cordialement SYLVIE PELLETIER";427;2016-11-18;"Fixer un meuble de cuisine"
1458;O;4;"";371;2018-10-06;"Don de cafetière 1 personne"
1623;O;16;"Donne 2 sacs aspirateur micro fibres, Marque Repère Elsay Sol, référence S1602, compatible pour Moulinex, Rowenta ...";309;2019-09-03;"Sacs aspirateur"
1133;D;10;"diamètre de 25 cm ou plus";357;2017-05-01;"Pots en terre cuite "
1131;O;16;"offre vetements style divers taille 38-40-42";384;2017-04-21;"offre vetements"
1112;O;7;"Sommaire :- Les besoins de votre animal : habitat, sorties, activité physique, environnement, propreté- L'alimentation : besoins nutritionnels, prise des repas, quantité d'aliments, les chiots et chatons, le chien/chat âgé, ration ménagère, bien choisir les ingrédients, les compléments alimentaires, le régme végétarien, le régime BARF- Son bien-être, garant de sa santé : toilettage, signes de maladie, remèdes naturels pour le quotidien, remèdes de bien-être (angoisse/mal des transports, situations stressantes, traumatisme physique, allergies cutanéesà, soins de la peau et du pelage, armes anti-tiques et anti-puces, vermifuges naturels- Carnet "do it yourself", comprenant des recettes de produits d'hygiène et de beauté et des recettes de pâtées maison";347;2017-03-12;"Prêt livre Soins naturels pour chiens et chats, édition Terre vivante"
1113;O;7;"";347;2017-03-12;"Prêt livre "Je fabrique mes produits ménagers, et mon shampoing, mon savon, ...", ed. Terre vivante"
1128;O;12;"Je souhaite donner une horloge murale Oui-Oui, photo sur demande";371;2017-03-28;"Horloge murale enfant"
1418;O;7;"les grandes découvertes mathématiques depuis la préhistoire";43;2018-08-08;"prêt "le grand roman des maths" de Mickaël Launay"
1129;O;7;"prêt livres divers mais principalement romans";384;2017-04-21;"prêt livres divers"
1236;O;4;"100 recettes 0 gaspi";371;2017-11-02;"Prêt de revue Best of Gourmand 0 gaspi"
1181;O;3;"Bonjour, j'aimerais savoir si quelqu'un serait disponible à partir du 21 aout pour m'aider à peindre un mur d'une pièce. N'ayant jamais fait, je pense que quelques explications, proposition d'organisation son nécéssaire. m'aider aussi à pourrer et organiser quelques meubles. Céline";220;2017-07-26;"aide pour peindre 1 mur de chambre"
1140;O;1;"Je propose les services suivants : Aide les personnes à les guider dans la rédaction et le remplissage de formulaires administratifs, je propose également de garder un enfant à mon domicile soit pour un soutien scolaire, soit pour aider des parents absents pour cause de travail ou autres.";384;2017-05-09;"aide à la personne"
1199;O;7;"Principales huiles essentielles avec les vertus et des conseils d'utilisation pour soigner et aussi des recettes de cuisine";371;2017-08-29;"Prêt livre "Je sais utiliser mes huiles essentielles""
1145;O;4;"Les beaux jours arrivent, envie de glace maison? Je prête une sorbetière marque King d'Home";371;2017-05-12;"Prêt de sorbetière"
1209;D;2;"BonjourJe cherche une personne pouvant me garder mon petit chien garou ponctuellement sur un week end ou plusieurs joursj'ai déjà deux dates du 21 nov fin d'apres midi au 27 nov ) je fournit le dodo, les jouets, et la nourritureC'est un cavalier king charles de 6 ans, joueur, calin, mignon sage, ayant l'habitude de vivre en appartement et d'etre seul la journéePromenades en laisse obligatoiresla seconde date sera en janvier du 17 janvier au 19 au soirMerciLaurence";443;2017-09-21;"garde de mon petit chien"
1151;O;7;"une approche systémique de l'économie, écologie, entreprise, ville, organisme, cellule vivante.";43;2017-05-26;"pret livre  - la macroscope de Joël de Rosnay"
1201;O;7;"A la veille d'un second tour des présidentielles, des cinquantenaires (dont Pierre et Jeanne) se retrouvent autour d'un anniversaire.";43;2017-09-01;"pret livre - Second tour ou les bons sentiments d'Isabelle Monnin"
1244;O;7;"Je donne le livre "La Bonne cuisine d'aujourd'hui", 654 pages illustrées.Ainsi qu'une 20aine de fiches de cuisine";371;2017-11-15;"Donne livre de cuisine française"
1245;O;7;"Les quelques jours qui ont suivi la mort au Bataclan de la femme du journaliste.";43;2017-11-19;"pret livre - "vous n'aurez pas ma haine" d'Antoine Leiris"
1246;O;7;"Céline Alvarez, Christophe André, Catherine Gueguen, ilios Kotsou, Frédéric Lenoir, Caroline Lesire, Frédéric Lopez et Matthieu Ricard expliquent leur vision de la transmission.";43;2017-11-21;"pret livre - "transmettre, ce que nous nous apportons les uns les autres" d'un collectif"
1265;O;4;"Je prête ma yaourtière Moulinex pour fabrication maison de 7 yaourts (un peu plus grands que ceux du commerce). Utilisation très facile et pour retrouver le plaisir et le bon goût du DIY.Variante possible : nature, fruits etc ..";474;2017-12-29;"Prêt de ma yaourtière "
1266;O;4;"Je prête ma fromagère Lagrange. Possibilité de fabriquer son fromage maison en 1 grande faisselle de 1,5 L ou 4 petites faisselles de 0.25 L. Livre de recettes annexé.";474;2017-12-29;"Prêt de ma fromagère"
1250;O;4;"Je donne 2 tasses à café en porcelaine motif chat, bleu et blanc, avec cuillères en plastique.Marque Guzzini";371;2017-11-25;"2 tasses Guzzini chat"
1275;O;12;"Offre 2 boites  de rangement en métal gris.Une boite carrée de dimension : 21cm par 21 cm et 15 cm de hauteur .une boite rectangulaire de dimensions : 40 cm par 24 cm et 17 cm de hauteur .Photo à la demande .";163;2018-01-11;"boites en métal de rangement"
1291;O;12;"Puissance 400W. Hauteur max 5m. Max 7500 L/h. Cable électrique 10mIl faut ajouter un tuyau diam 1,9cm avec une vis de serrage...Peut être utile en cas d'inondation .";81;2018-01-30;"Prêt d'une pompe à eaux chargées"
1295;O;5;"Au lieu de nous imposer un énième guide censé faire de nous des amantes parfaites, Ovidie et Diglee nous proposent de nous « foutre la paix » dans ce livre drôle, déculpabilisant et décomplexant.";345;2018-02-02;"Prêt BD "Libres !" (Ovidie / Diglee)"
1296;O;7;"En 2037, le groupe des 68 s’installe dans le jardin Marcel Proust à Paris. Ces jeunes gens ne veulent plus d'une démocratie nauséabonde et violente... voir : §§https://www.actes-sud.fr/catalogue/litterature/ah-ca-ira§§";345;2018-02-04;"Prêt livre "Ah ! Ca ira ..." (Denis Lachaud)"
1322;O;7;"Michel FOLCO :Édition du Seuil  dont voici les titres :Un loup est un loup;En avant comme avant ;Dieu et nous seuls pouvons.Roman historique.Charlemagne,le héros, est membre d'une fratrie de 5 enfants nés d'un sabotier...";163;2018-03-07;"donne 3 livres"
1673;O;8;"Abonné au magazine, je vous le propose une fois lu. Numéro HS 198 §§http://lejardindepoissy.org/sites/default/files/tmp/S&A_198.png§§";11;2019-11-26;"Donne magazine Sciences et Avenir Hors série n° 198"
1301;O;7;"";320;2018-02-15;"prêt d'une quinzaine de romans de Patrick Modiano, pris Nobel de littérature en 2014"
1307;O;11;"Pratique avec ses cartes de différents quartiers à déplier.Nous prêtons aussi 2 "Oyster card" (carte de transport à recharger).";345;2018-02-28;"Prêt guide Cartoville Londres (2016)"
1509;O;6;"Je prete le Bureau des legendes 1, série française de Rochant dans l'univers de la DGSE";124;2019-01-02;"pret serie DVD"
1316;O;16;"Jeux, lecture de contes et "bricole" en tout genre : Pour le plaisir, ou si besoin pour vous dépanner (même en urgence ça arrive !) je peux débarquer ! Animatrice et lectrice en école maternelle et primaire, je le ferais avec quelques jeux, deux ou trois livres sous le coude et de quoi bricoler avec un bout de carton - recyclé ;) - et trois bouts de ficelle... Cela peut aussi être pour animer un anniversaire d'enfant ou pendant une fête familiale.";446;2018-03-05;"Ateliers pour vos enfants ou petits-enfants"
1311;O;4;"Je donne un pot en verre pour faire germer des graines et un plat en terre cuite pour faire cuire des plats mijotés au four .";163;2018-03-03;" un pot à germer et plat en terre pour le four"
1312;O;7;"Livres très bien documentés avec de belles photos.-Antiquités Brocantes : à travers les époques et les pays Conseils sur la brocante, l'orfèvrerie, les émaux, le cristal, la photographie, tapis/tapisseries, la numismatique. Un vrai régal !- Dix neuvième siècle, histoire mondiale de la sculpture : du néo-classique à l'art moderne. Les photographes amoureux de l'art nous permettent de voir grâce à leur talent tous les détails des oeuvres. ";474;2018-03-04;"Prêt livres Antiquité et Brocante et Histoire mondiale de la sculpture"
1313;O;7;"Pour les amoureux de la photo, un très bel ouvrage qui nous livre quelques fragments de vie, des portraits, des paysages.";474;2018-03-04;"Prêt d'un livre 100 photos de Réza - Reporters sans frontières"
1314;O;7;"Explications et commentaires sur les tableaux de Jérome Bosch qui retracent sa vie, son oeuvre dans un contexte historique.Passionnant !";474;2018-03-04;"Prêt de livre Jérome Bosch - Entre le ciel et l'enfer"
1397;O;8;"Je donne le journal : Mon Quotidien (pour enfants de 10 à 14 ans) Année 2017 et 2018, ils manque quelques numéros. ";384;2018-06-14;"offre journaux"
1317;O;11;"Carte IGN en main, je propose un parcours en forêt pour s'initier à la lecture de carte au 1:25000 et pouvoir s'aventurer sans crainte de se perdre.Le tout au départ du parc forestier de La Charmille à Poissy.";446;2018-03-05;"Lire une carte rando"
1319;O;1;"De par mon long parcours de psychologue en institutions, je peux répondre à vos questions : différences entre les multiples "psys", les diverses thérapies, pour un enfant, un ado, un adulte. Qui consulter selon la situation ? Informations sur les lieux ressources, les associations et les services publics en ce domaine.";446;2018-03-05;"la planète "PSY""
1320;O;10;"Je n'ai pas de compétences particulières, mais je peux vous aider, à plusieurs c'est mieux :)";446;2018-03-05;"Aide au jardin"
1347;O;7;"Ce livre prend le contrepied de la "loi de la jungle" pour montrer, études scientifiques à l'appui, que l'entraide est partout dans la nature... et dans les groupes humains. De quoi mieux comprendre aussi les dynamiques de groupe et comment mieux coopérer.";345;2018-04-08;"Prêt livre - L'entraide, l'autre loi de la jungle (Pablo Servigne, Gauthier Chapelle)"
1327;O;3;"marque Black & Decker, découpe de métal essentiellement ou béton avec un disque adapté.";57;2018-03-18;"Meuleuse à disque pour découpe de métal"
1461;D;4;"Je cherche une essoreuse à salade, si possible pas en plastique";371;2018-10-14;"Essoreuse à salade"
1454;O;16;"si vous souhaitez passer en presque zero dechet mais que vous ne voyiez pas par où commencer, je peux peut-être vous aider. Chacun doit trouver son approche en fonction de ses habitudes et de ses envies, mais il y a des choses simples à faire pour reduire fortement ses déchets sans trop se prendre la tête et faire du bien à la planète";504;2018-10-02;"reduire vraiment ses déchets c'est possible!"
1437;O;7;"Roman autobiographique. Dans les années 70, de jeunes gens partent en bus pour le Népal, poussés par des histoires et des motivations différentes.";43;2018-09-07;"pret "Hippie" de paulo Coelho"
1355;O;16;"papier velouté 90 g/m2 - format 21 x 29,7 cm (A4) - 144 pages - petits carreaux";11;2018-04-21;"Donne 2 cahiers de marque Clairefontaine"
1421;O;12;"Je donne une vingtaine de cintres en plastique IKEA pour vêtements d'enfants.";417;2018-08-10;"Donne cintres enfant"
1611;O;7;"Très beau roman psychologique qui a pour cadre les Iles Féroé...Très rafraîchissant en cas de canicule !";81;2019-07-30;"Prêt d'un roman de Johan Harstad " Buzz Aldrin, mais où donc es-tu passé ?"
1340;O;7;"Science fiction. Les humains de multiples planètes tombent sous la coupe de tueurs par la pensée, au service d'une religion.";43;2018-04-02;"pret livre "Les guerriers du silence de Pierre Bordage"
1341;O;7;"La suite des guerriers du silence. Une poignée d'humains échappent à une traque impitoyable";43;2018-04-02;"pret livre - Terra Mater"
1343;D;3;"";239;2018-04-03;"Besoin d'un broyeur de papier un peu puissant"
1344;O;5;"Vous avez aimé Valérian et la Cité des mille planètes de Luc Besson, retrouvez l'intégrale de 'Valérian' par Christin, Mézières (19 volumes) §§https://www.bedetheque.com/serie-174-BD-Valerian.html§§ qui l'a inspiré";11;2018-04-03;"Prêt de bandes dessinées"
1383;O;11;"Concert gratuit de musique baroque (clavecin, violone, haute contre et soprano)Musique et airs italiens sur le thème de l'amour (chuuuut !)Eglise St Maclou à Conflans Ste Honorine (8 place de l'église), Dimanche 27 Mai à 16 heures, Venez nombreux !!!!!!";478;2018-05-15;"Offre concert"
1559;D;16;"Cherche pour une personne non encore inscrite, un(e) AMAPIEN(ne) désirant partager un panier";478;2019-03-30;"Partage de panier"
1420;O;10;"Nous prêtons les engins suivants pour votre jardinage : tondeuse électrique, taille haie, aspirateur/souffleur de feuilles.";417;2018-08-10;"Prêt de matériel de jardinage"
1414;O;12;"Donne toilette chimique quasi neuve de marque CAMPA POTTI.Taille :40 /35/40 cmIdéale pour usage cave ou jardin ou camping.....Photo sur demande .....";163;2018-08-04;"donne toilette chimique :"
1356;O;16;"papier 90 g/m2 - format 21 x 29,7 cm (A4) - 192 pages - grands carreaux Seyès";11;2018-04-21;"Donne 1 cahier de marque Esquisse"
1357;O;3;"";163;2018-04-21;"prêt d'une décolleuse"
1431;D;10;"Je cherche quelqu'un qui veuille bien m'aider à tailler mes haies et arbustes et me donner des conseils pour mon tout petit jardin de 15m2, et/ou quelqu'un qui fasse de menues réparations ds mon tout petit appart ! ";478;2018-08-31;"Travaux jardins et bricolage"
1510;O;7;"Je prete l'arabe du futur de riad satouf tome 1 , 3 , 4";124;2019-01-02;"pret BD"
1607;O;8;"Abonné au magazine, je vous le propose une fois lu. Numéro 871 de septembre 2019 §§http://lejardindepoissy.org/sites/default/files/tmp/S&A_871.png§§";11;2019-09-26;"Donne magazine Sciences et Avenir n° 871"
1602;D;3;"J'ai 12 trous à faire dans un mur en béton pour poser des équerres...Je veux bien éventuellement , l'aide du bricoleur propriétaire de la perceuse! ";81;2019-07-10;"Perceuse à béton"
1564;O;7;"Je prête un coffret de 2 livres de Georges Brassens (avec photos) retraçant sa vie et les textes de nombreuses chansons.";474;2019-04-09;"Coffret 2 livres Georges Brassens"
1462;D;4;"Je cherche des grands bocaux en verre type 2l Ikea. Merci d'avance !";371;2018-10-14;"Grand bocal en verre"
1427;D;3;"Je dois monter une bibliothèque Ikea avec portes. Est-ce qu'un seliste pourrait me donner un coup de main ?";490;2018-08-24;"Montage de meubles"
1488;D;4;"Je cherche un couteau hachoir pour faire face au découpage de courges ou autres...";94;2018-11-27;"couteau hachoir"
1467;O;10;"nous avons un lombricomposteur neuf de petit volume pour terrasse ou balcon. Si vous êtes intéressés il est pour vous.";220;2018-10-19;"un petit lombricomposteur de balcon ou terrasse"
1666;D;17;"";287;2019-11-15;"Je cherche à emprunter des accessoires ou vêtements évoquant les années 70 (chemise à fleurs, pantalons pattes d'ef ..."
1485;O;16;"plantes et/ou jardins";446;2018-11-20;"arrosage "
1518;O;1;"Si vos enfants ont besoin de soutien en anglais ou en espagnol je peux les aider à préparer un oral ou à réaliser des devoirs. N'hésitez pas. ";220;2019-01-16;"proposition leçons d'espagnol ou anglais"
1519;D;1;"Bonjour nous recherchons pour notre fils une personne qui pourrait donner chaque semaine 1 heure de soutien en ALLEMAND sur Poissy. Si vous connaissez quelqu'un qui donne des leçons ou si vous en donnez nous sommes intéressés. ";220;2019-01-16;"Leçons de soutien en Allemand"
1522;O;4;"";371;2019-01-16;"Donne verre doseur, passoire, planche à découper, couteau à tarte en plastique"
1537;O;7;"voir : §§https://www.actes-sud.fr/catalogue/societe/petit-manuel-de-resistance-contemporaine§§";345;2019-02-20;"Prête "Petit manuel de résistance contemporaine", de Cyril Dion"
1603;D;3;"J'ai besoin d'une petite goupille pour réparer un volet. Celle que j'ai mise pour l'instant fait 12mm, mais ce n'est pas idéal.";387;2019-07-21;"goupille 10mm x 5mm O"
1674;O;8;"Abonné au magazine, je vous le propose une fois lu. Numéro HS 199 §§http://lejardindepoissy.org/sites/default/files/tmp/S&A_199.png§§";11;2019-11-27;"Donne magazine Sciences et Avenir Hors série n° 199"
1572;D;9;"";505;2019-04-25;"Réparation d'une imprimante Epson que j'ai achetée en janvier 2018"
1566;O;7;"Passionnant.";81;2019-04-09;"Je prête " La femme aux cheveux roux" de Orhan Pamuk, prix nobel de littérature en 2006. Ouvrage récent."
1551;O;6;"J'ai 36 boîtiers transparents de DVD vierges qui ne me serviront pas et que je donne";380;2019-03-10;"Donne boîtiers DVD vierges"
1645;O;14;"J'ai deux tickets de trains Poissy-Nanterre et deux Poissy-Epône, dont je ne fais rien.ça pourrait vous être utile si vous allez à une gare sur le chemin.";387;2019-09-22;"vieux tickets pour Nanterre et Epônes"
1617;O;7;"distopie. Dans une société future qui contrôle de plus en plus les individus, un couple est à la recherche de leur fille, mystérieusement disparue.";43;2019-08-17;"pret livre "Les furtifs" d'Alain Damasio"
1618;D;11;"Bonjour,Je suis à la recherche d'une guitare, ou des conseils où en acheter.Merci,Eric";524;2019-08-19;"Guitare"
1675;D;3;"Le néon ne marche plus. J'en ai acheté un autre mais il ne marche pas. Je l'ai changé chez le marchand et il ne marche pas non plus. Je pense qu'il doit y avoir un mauvais contact. ";505;2019-12-03;"Néon de la cuisine au dessus de l'évier"
1653;O;13;"Ainsi qu'une ceinture jaune.";510;2019-10-03;"Donne kimono de judo 130/140 (6-9 ans environ) évolution Adidas"
1687;O;16;"je souhaite prendre 1/2 panier de légumes toutes les semaines (et non un panier tous les 15 jours) comme je l'ai indiqué dans le Forum en Public, mais je ne sais pas qui pense à aller spontanément sur le Forum... merci d'avance";150;2019-12-20;"je recherche une personne pour partager un panier de légumes"
1685;O;4;"Donne fritteuse à l'ancienne composée d'une casserole en métal bleue et d'un panier ";371;2019-12-19;"Fritteuse"
1679;D;11;"si vous voulez bien me garder les bouchons de liege de cidre ou champagnes merci";264;2019-12-12;"bouchons liege"
1651;D;10;"Bonsoir, est-ce que quelqu'un aurait un roto fil à nous prêter pour mettre au propre les bordures pleines de mauvaises herbes? nous vous remercions d'avance, Famille Poirot Charpentier";220;2019-09-30;"ROTOFIL pour découpe bordures"
1636;O;7;"Très utile quand on a un jardin!";81;2019-09-10;"Je donne "650 trucs de jardinage" éd.Nathan"
1677;O;15;"Je propose d'apprendre à tricoter";505;2019-12-03;"Apprendre à tricoter"
1676;O;1;"Je propose une aide aux devoirs (français, allemand, anglais)";505;2019-12-03;"Aide aux devoirs"
1642;O;7;"Essai sur le futur : que deviendront nos démocraties quand Google et Facebook connaitront nos gouts et nos préférences politiques mieux que nous mêmes?";43;2019-09-16;"pret livre "Homo deus" de yuval Noah Harari"
1663;O;8;"Abonné au magazine, je vous le propose une fois lu. Numéro 872 d'octobre 2019 §§http://lejardindepoissy.org/sites/default/files/tmp/S&A_872.png§§";11;2019-10-28;"Donne magazine Sciences et Avenir n° 872"
1688;D;16;"je souhaite prendre 1/2 panier de légumes toutes les semaines (et non un panier tous les 15 jours) comme je l'ai indiqué dans le Forum en Public, mais je ne sais pas qui pense à aller spontanément sur le Forum... merci d'avance";150;2019-12-20;"je recherche une personne pour partager un panier de légumes"
